response,longitude,latitude,human_pop_density_log10,croplands_all_categories,managed_pasture_and_rangeland,precipitation_inFall,precipitation_spring,precipitation_summer,precipitation_winter,primary_forest_areas,primary_non.forest_areas,secondary_forest_areas,secondary_non.forest_areas,relative_humidity_inFall,relative_humidity_spring,relative_humidity_summer,relative_humidity_winter,temperature_inFall,temperature_spring,temperature_summer,temperature_winter
1,18.75,43.25,4.33828830718994,0.0725474953651428,0.171675801277161,4.2651686668396,4.64151859283447,2.84143328666687,4.70261526107788,0.00263226893730462,0,0.753144443035126,0,82.3890609741211,83.7825088500977,69.420539855957,93.1003112792969,8.65935707092285,7.13173818588257,16.8998050689697,-1.04650473594666
1,9.25,40.75,4.88648843765259,0.173758938908577,0.169686019420624,1.73731756210327,1.57804954051971,0.37774184346199,2.00690174102783,0,7.91421793195707e-16,0,0.648933708667755,68.8371505737305,69.2755737304688,52.7180976867676,76.3989181518555,17.7009315490723,14.0662784576416,24.3759498596191,9.16948890686035
1,-8.75,39.25,5.47191619873047,0.368323445320129,0.275847315788269,2.31045174598694,1.84955656528473,0.229678422212601,2.5651319026947,0,0.222448796033859,0,0.112580120563507,68.2813262939453,72.1968078613281,63.1410751342773,77.2182312011719,18.0301151275635,15.1765384674072,21.829044342041,11.256799697876
1,16.25,38.75,5.46692276000977,0.182330414652824,0.120952129364014,3.30561470985413,2.38791036605835,1.15309906005859,3.90238332748413,0,0,0,0.469965010881424,73.1961441040039,75.8595962524414,58.2113456726074,79.1582183837891,17.3805274963379,13.4468021392822,23.8319339752197,8.899489402771
1,9.25,45.25,6.2989296913147,0.583577990531921,0.0561263673007488,1.18711316585541,0.952223002910614,0.285695970058441,0.830984354019165,0,0,0.249579578638077,0,62.5706329345703,66.7846527099609,51.0986747741699,72.6691589355469,14.5937232971191,13.7191915512085,24.302188873291,5.34471035003662
1,18.75,47.75,5.4298357963562,0.360897481441498,0.0987820252776146,1.63119769096375,2.03154039382935,1.49256634712219,1.78357791900635,0,0.000104765502328519,0,0.530534267425537,73.1796035766602,76.3581695556641,62.2573280334473,90.0767288208008,10.8414344787598,10.6087989807129,20.9198131561279,-0.577673316001892
1,-8.25,38.75,4.68167448043823,0.282609164714813,0.344192028045654,1.77184844017029,1.60239577293396,0.173517912626266,2.09978199005127,0,0.276024669408798,0,0.0944381356239319,64.1816635131836,70.5375366210938,54.3762817382812,78.6533203125,18.2773170471191,15.2522420883179,23.4675636291504,10.3437442779541
1,2.75,43.75,4.45441818237305,0.201826840639114,0.153235211968422,2.44442296028137,2.50814819335938,0.782758772373199,2.66507053375244,0,0,0.644245624542236,0,77.3070755004883,78.4556884765625,63.5130348205566,86.1521301269531,12.2978048324585,10.307315826416,19.6343727111816,4.11263418197632
1,-3.25,39.25,5.03858137130737,0.653126835823059,0.245270043611526,1.40553605556488,1.6015921831131,0.130281195044518,1.73348069190979,0,0.0142163634300232,0,0.0807261541485786,57.2873992919922,64.3289947509766,32.9288558959961,77.9960556030273,16.0911502838135,12.8107442855835,25.5020999908447,5.90893983840942
1,-3.25,37.25,4.74060392379761,0.285071939229965,0.0847801566123962,2.31910181045532,1.93591928482056,0.255715578794479,2.59041881561279,0,0.488826721906662,0,0.140127494931221,62.6051368713379,64.8714828491211,40.8553352355957,76.9166793823242,15.9589881896973,12.7797994613647,24.0395240783691,6.77468252182007
1,1.75,41.25,5.87356185913086,0.119372978806496,0.0955337211489677,1.03475379943848,0.998193740844727,0.32850107550621,0.817936360836029,0,0.225573927164078,0,0.0632957443594933,66.8059310913086,70.3788681030273,65.3889770507812,68.1178970336914,18.7337589263916,14.8071632385254,23.9261913299561,10.6617069244385
1,-4.75,37.25,5.26700353622437,0.587296664714813,0.25862118601799,1.26699221134186,1.24053776264191,0.0514265075325966,1.88550806045532,0,0.00721283396705985,0,0.142206385731697,57.4926414489746,64.6186370849609,36.719539642334,76.2975616455078,18.9910717010498,15.2365560531616,27.1672401428223,9.15456581115723
1,-1.75,37.75,5.06937170028687,0.318526059389114,0.109132349491119,1.35710716247559,1.12505054473877,0.138032719492912,1.5023068189621,0,0.42251980304718,0,0.144436702132225,64.3304595947266,61.9541931152344,49.0096588134766,71.6996002197266,17.8515663146973,14.7824239730835,24.8563575744629,9.08179092407227
1,21.25,39.25,4.37474060058594,0.116505190730095,0.248023986816406,2.34966397285461,2.13569068908691,0.930896997451782,3.27760457992554,1.13644224708341e-19,0,0.613802671432495,0,71.4743270874023,74.5772094726562,54.8470306396484,82.2401885986328,15.1260623931885,12.0678958892822,22.8993167877197,5.52628993988037
1,18.75,46.25,5.23804807662964,0.560382962226868,0.079525038599968,1.94950318336487,2.57339382171631,1.81727921962738,2.17678236961365,0,2.34584399549931e-06,0,0.35086452960968,68.9112243652344,74.8171463012695,60.6137161254883,87.1524276733398,12.6264381408691,11.8266334533691,21.9670238494873,0.893192529678345
1,20.25,42.75,5.37434053421021,0.127018257975578,0.300241023302078,2.95860290527344,3.57611060142517,2.02335095405579,3.31002497673035,6.50521303491303e-19,0,0.557451605796814,0,77.8172302246094,79.6378402709961,63.571475982666,92.9567947387695,9.53365516662598,8.22467422485352,18.2320384979248,-0.914363622665405
1,-3.75,38.75,5.03787136077881,0.492753714323044,0.336714714765549,1.51367676258087,1.7257171869278,0.127034604549408,2.03011727333069,0,0.0388614870607853,0,0.124806813895702,56.4940452575684,66.1318893432617,31.5562782287598,79.0153732299805,16.5086402893066,12.9223880767822,25.8937511444092,6.19926357269287
1,-1.25,39.75,4.58925676345825,0.259731709957123,0.161689013242722,1.49765634536743,1.73635065555573,0.386583805084229,1.26504480838776,0,0.446993976831436,0,0.131319791078568,65.4467315673828,64.3528747558594,48.5361442565918,74.6507415771484,14.7781820297241,12.2110433578491,22.9352054595947,5.772047996521
1,-6.75,37.75,4.75852680206299,0.106363579630852,0.208791434764862,1.61406850814819,1.45632231235504,0.0829413756728172,1.98904728889465,0,0.538729667663574,0,0.144035935401917,58.754711151123,66.5304565429688,38.0260391235352,78.845344543457,18.9099979400635,15.5709781646729,26.7737159729004,9.53499794006348
1,13.25,45.75,5.2704119682312,0.356355220079422,0.0412220694124699,2.36206412315369,2.23623776435852,1.49047231674194,1.92101120948792,0,0,0.153487205505371,0,73.6827545166016,75.2041015625,65.7175903320312,79.5870132446289,12.6456747055054,11.5466651916504,21.1771068572998,3.72231435775757
1,-4.25,41.25,4.47285652160645,0.417516738176346,0.212718784809113,2.43034219741821,2.65819406509399,0.557659268379211,2.28899621963501,0,0.203576639294624,0,0.165422096848488,65.2617111206055,76.9207382202148,48.1490287780762,84.0487747192383,12.9989767074585,9.72283363342285,21.0018653869629,3.78045034408569
1,-1.25,39.25,4.65901851654053,0.310004234313965,0.221533939242363,1.67137181758881,1.70963037014008,0.366944134235382,1.45354402065277,0,0.311071425676346,0,0.156826332211494,65.2221527099609,63.5362739562988,48.3259353637695,74.059211730957,15.6653280258179,12.9512062072754,23.7449169158936,6.56130361557007
1,-5.75,38.75,4.93217992782593,0.38936710357666,0.303072065114975,2.14433836936951,1.915487408638,0.132668301463127,2.2682101726532,0,0.0891233012080193,0,0.212749555706978,56.5039978027344,67.9372482299805,33.0953369140625,80.7295989990234,17.7939186096191,14.1114339828491,26.6020450592041,7.56554555892944
1,-4.75,40.25,4.78407096862793,0.25842946767807,0.260276585817337,2.90717530250549,3.27190518379211,0.567994058132172,2.94338750839233,0,0.325346291065216,0,0.152448117733002,64.0502166748047,74.3354034423828,41.8680114746094,83.5112380981445,13.6351156234741,10.5579061508179,22.2154674530029,4.35608339309692
1,-6.25,37.25,5.55080413818359,0.497362405061722,0.229107543826103,1.38908302783966,1.20852982997894,0.0370909236371517,1.8779194355011,0,0.155880719423294,0,0.0943705663084984,58.3164405822754,63.3582382202148,38.4728164672852,76.1199340820312,19.8665409088135,16.6140689849854,27.5463199615479,10.6308326721191
1,-2.75,36.75,5.23159646987915,0.0882803648710251,0.0269129797816277,2.36506390571594,1.60236096382141,0.196086779236794,2.66162061691284,0,0.368141412734985,0,0.0306257680058479,70.3109664916992,69.8108215332031,57.9380798339844,75.0067825317383,17.2514381408691,13.8210287094116,22.8928470611572,9.72563076019287
1,-8.25,37.75,4.66332197189331,0.383946448564529,0.306163340806961,1.75882399082184,1.4269061088562,0.104922600090504,2.09121513366699,0,0.191897988319397,0,0.110195353627205,65.6624145507812,71.3237762451172,54.7083396911621,77.6985092163086,18.8435916900635,15.641077041626,23.4385929107666,11.591516494751
1,-4.75,39.75,4.93167161941528,0.430901497602463,0.24165053665638,1.55645656585693,1.62049531936646,0.107004269957542,1.86267721652985,0,0.233026877045631,0,0.0896108224987984,58.1748466491699,67.5289535522461,33.7236671447754,79.7997360229492,16.0181217193604,12.8404579162598,25.2831058502197,6.15850210189819
1,4.25,44.25,5.19312334060669,0.16003505885601,0.110725052654743,3.01058602333069,2.60892152786255,1.35675537586212,3.04000115394592,0,0,0.722151279449463,0,74.1786041259766,75.289192199707,58.9463272094727,82.8178176879883,12.6187076568604,10.9328145980835,20.4835548400879,4.28080654144287
1,-0.75,40.75,4.06043386459351,0.251111388206482,0.234951809048653,2.96769952774048,3.26028895378113,1.29650235176086,2.06147789955139,0,0.33743941783905,0,0.176062926650047,68.8554763793945,70.1444091796875,52.7053489685059,78.7238159179688,13.4079627990723,10.8119649887085,21.5620975494385,4.41484975814819
1,18.25,42.75,5.0601658821106,0.174202561378479,0.407616704702377,3.20409321784973,2.42834115028381,0.865768432617188,3.85954761505127,4.13967443657626e-10,0,0.256130993366241,0,72.3188781738281,75.5730819702148,63.9036178588867,77.5972747802734,14.5085287094116,11.8763160705566,21.7652835845947,5.60823965072632
1,-1.25,41.25,4.58710098266602,0.379276245832443,0.229659795761108,1.77698767185211,2.29607725143433,0.713983058929443,1.48195338249207,0,0.225983753800392,0,0.164387851953506,64.3529968261719,68.1951065063477,47.6457557678223,78.4045715332031,13.5468997955322,10.8608951568604,21.9297313690186,4.23539638519287
1,-9.25,39.25,5.38211584091187,0.253621429204941,0.20501446723938,2.46587681770325,1.78020465373993,0.235991939902306,2.67445874214172,5.86237001698464e-06,0,0.221170365810394,0,70.8922958374023,72.9029769897461,70.1726303100586,75.1306838989258,18.3760414123535,15.4933309555054,20.8626441955566,12.5606632232666
1,-3.25,40.75,5.39025020599365,0.387814819812775,0.243385404348373,1.66931438446045,2.04362988471985,0.33804115653038,1.84960305690765,0,0.159322425723076,0,0.196642190217972,62.4574661254883,70.9520034790039,43.0740814208984,81.3343963623047,13.5174703598022,10.5352516174316,22.0859508514404,3.99659633636475
1,-0.25,41.25,4.70273065567017,0.448320299386978,0.0708320215344429,1.76866841316223,1.91305959224701,0.538163840770721,1.31675088405609,0,0.17382575571537,0,0.305210590362549,63.2565765380859,63.2698860168457,46.7444038391113,73.1374588012695,15.6354713439941,13.1587562561035,24.2436561584473,6.29476308822632
1,18.25,49.25,5.29347848892212,0.140724539756775,0.0725062116980553,2.2946720123291,2.95141673088074,3.02954125404358,2.43127751350403,0,0,0.772736966609955,0,83.0198135375977,83.6509017944336,77.6228790283203,94.5962753295898,8.06670570373535,7.7963399887085,17.0753116607666,-2.58089804649353
1,-0.75,39.75,5.35287094116211,0.263322502374649,0.149625360965729,1.53407907485962,1.56745088100433,0.430952429771423,1.19173848628998,0,0.447370111942291,0,0.126246899366379,67.3595581054688,66.1161346435547,57.4283409118652,71.5146789550781,16.3276805877686,13.4426612854004,22.9931678771973,7.97680044174194
1,17.75,47.75,5.44793319702148,0.560154616832733,0.136983171105385,1.60732591152191,1.94423389434814,1.50746619701385,1.71433913707733,0,0.00434735510498285,0,0.28078630566597,73.362174987793,77.3584671020508,63.1350784301758,89.4941635131836,10.9766273498535,10.6478309631348,20.863468170166,-0.290218085050583
1,19.75,43.75,5.14957189559937,0.205634251236916,0.146503821015358,3.35261940956116,4.2944769859314,2.39440822601318,3.5614230632782,0.017375510185957,0,0.620330572128296,0,78.8572616577148,81.1310577392578,67.4005355834961,92.8808441162109,9.9181661605835,8.79469203948975,18.4439640045166,-0.570471167564392
1,-4.25,38.75,4.92018508911133,0.450529724359512,0.299442201852798,1.73195493221283,1.93648791313171,0.15386837720871,2.23945069313049,0,0.0856135040521622,0,0.159659251570702,56.4669227600098,68.3400421142578,31.420524597168,80.2646484375,16.7794933319092,13.0064735412598,26.1181678771973,6.4372296333313
1,-5.25,38.75,4.61564970016479,0.367829263210297,0.359209030866623,2.13746070861816,2.03628516197205,0.149341329932213,2.40840530395508,0,0.073094867169857,0,0.179240077733994,57.1014785766602,68.9598770141602,32.6924896240234,81.2462463378906,17.326847076416,13.6300802230835,26.3664283752441,7.09639883041382
1,9.75,46.25,5.02121019363403,0.016819953918457,0.274596810340881,3.55798363685608,4.93834114074707,5.37030553817749,2.69891428947449,0,0,0.655131995677948,0,83.54736328125,86.7727203369141,79.4847412109375,89.686767578125,5.4396505355835,4.33234071731567,13.322340965271,-3.14568686485291
1,-1.25,37.75,5.64710330963135,0.34688812494278,0.100369460880756,1.07523989677429,0.800967872142792,0.0922049283981323,1.16991603374481,0,0.274993240833282,0,0.157883271574974,65.9591598510742,63.4757308959961,55.3852996826172,70.151985168457,19.1756019592285,15.8416080474854,25.1449222564697,10.863356590271
1,-2.25,42.25,5.31529140472412,0.265133142471313,0.219395563006401,1.64824557304382,2.41731333732605,0.966173768043518,1.8556170463562,0.000561360677238554,0,0.501124024391174,0,69.7437057495117,76.249626159668,63.2644348144531,82.9499740600586,12.8998355865479,10.1710958480835,19.4865055084229,4.2897686958313
1,8.75,46.25,5.26545524597168,0.044721458107233,0.154712170362473,3.45475602149963,4.16098976135254,4.27155351638794,2.95702934265137,0,0,0.754985451698303,0,81.7443923950195,84.2071533203125,76.4524841308594,89.6533355712891,6.03998231887817,5.05699062347412,14.0499105453491,-2.7109842300415
1,16.75,40.75,5.54809284210205,0.463487595319748,0.267237335443497,2.09916496276855,1.82691705226898,0.732304036617279,2.33129334449768,0,4.56529000411235e-16,0,0.25749596953392,66.6210327148438,70.4193801879883,46.0501899719238,78.8935012817383,17.8419628143311,14.3849020004272,26.1623363494873,8.2377462387085
1,9.75,45.75,5.99306392669678,0.199625700712204,0.0769748166203499,2.25321793556213,3.23846673965454,2.87619805335999,1.71760678291321,0,0,0.645602822303772,0,76.3674774169922,79.7394638061523,71.301399230957,82.2310028076172,8.68368911743164,7.93726015090942,16.9912052154541,0.284773766994476
1,0.25,41.75,4.85579442977905,0.468419790267944,0.251771092414856,0.549393892288208,0.765477061271667,0.166900917887688,0.574908196926117,0,0.026348976418376,0,0.248930260539055,59.9630813598633,60.1284103393555,44.1442527770996,69.7214279174805,15.8843936920166,13.4759464263916,24.6461429595947,6.51195669174194
1,-6.25,39.75,4.67381238937378,0.141280069947243,0.278949826955795,1.50930297374725,1.29408645629883,0.0583856515586376,1.85089445114136,0,0.390993654727936,0,0.181316390633583,58.4010314941406,67.3939819335938,36.5130195617676,80.2698745727539,17.2453861236572,14.0797462463379,25.9225196838379,7.56278896331787
1,17.25,43.25,5.06560850143433,0.16267266869545,0.170412242412567,2.67104601860046,1.94193994998932,0.626696825027466,3.33271384239197,8.67361737988404e-19,0,0.408106476068497,0,69.4701461791992,73.1342697143555,64.5714721679688,73.0273818969727,16.1789894104004,13.1568031311035,22.8463878631592,7.6679220199585
1,-2.75,39.75,4.60435342788696,0.615489304065704,0.284761935472488,1.14835107326508,1.3325080871582,0.12232469022274,1.25761270523071,0,0.0002657582226675,0,0.0974164009094238,57.5669555664062,62.5014686584473,34.4164772033691,76.4659271240234,15.7547750473022,12.6961307525635,25.1188297271729,5.65289735794067
1,-6.25,42.75,4.54316806793213,0.0915095508098602,0.0698768049478531,3.40642023086548,3.97624540328979,1.50383579730988,3.96781992912292,0.00371066736988723,0,0.833201766014099,0,79.4607162475586,82.8806762695312,71.6103057861328,89.6549072265625,11.0462684631348,8.65063858032227,16.8142032623291,3.71738076210022
1,2.75,42.75,5.47103071212769,0.15129466354847,0.0891925841569901,2.40746521949768,2.4819507598877,0.747740209102631,2.00182437896729,0,0,0,0.736991465091705,73.3224792480469,74.3418045043945,63.3320503234863,76.9415664672852,14.3898658752441,11.851016998291,20.841739654541,6.61280727386475
1,-6.75,39.75,4.47016525268555,0.121139451861382,0.384553253650665,1.83324992656708,1.65537619590759,0.118342585861683,2.2272036075592,0,0.270241677761078,0,0.221020504832268,59.8059196472168,69.4963150024414,39.635082244873,81.2207565307617,17.1382083892822,13.899733543396,25.2819957733154,7.65249013900757
1,-2.25,37.25,4.83817768096924,0.147894009947777,0.0493454448878765,1.56292700767517,1.19697570800781,0.139329671859741,1.7403472661972,0,0.684679806232452,0,0.116389721632004,66.7125701904297,65.580924987793,54.1830215454102,72.2539367675781,17.9399662017822,14.6045064926147,24.1213111877441,9.7782735824585
1,4.75,43.75,5.68177843093872,0.229035332798958,0.134378165006638,1.55087172985077,1.26532244682312,0.288170218467712,1.70215284824371,0,0,0,0.580193400382996,66.5135345458984,68.5914077758789,50.0154266357422,75.6264724731445,14.9881734848022,13.0886878967285,23.1431217193604,6.42047548294067
1,-8.75,40.25,5.3471040725708,0.138783514499664,0.11542422324419,2.94704389572144,2.23507261276245,0.324744343757629,3.19254946708679,1.23790878205909e-05,0,0.447774052619934,0,71.2033233642578,74.9002685546875,64.3127899169922,80.2944030761719,17.0563907623291,14.2818546295166,21.2335033416748,10.3878927230835
1,-4.25,36.75,5.84037446975708,0.225223734974861,0.0745058879256248,2.05999970436096,1.75391781330109,0.128132909536362,2.86519694328308,0,0.145887762308121,0,0.0833852291107178,66.7982711791992,69.2639999389648,45.0581855773926,81.2407608032227,16.6509437561035,13.4000282287598,24.2414493560791,7.8323712348938
1,8.25,45.25,5.38714456558228,0.611863791942596,0.0889628082513809,1.57347881793976,1.43098139762878,0.764897882938385,1.22517156600952,0,0,0.287038922309875,0,63.7826232910156,66.2538528442383,53.5739898681641,72.3427200317383,12.8763160705566,12.0937032699585,22.1572093963623,3.97525429725647
1,9.25,39.75,4.82465648651123,0.195160135626793,0.126515299081802,1.41194534301758,1.25237059593201,0.141319438815117,1.7424989938736,0,7.5775546285546e-16,0,0.677493572235107,69.0715637207031,70.4292221069336,53.2006607055664,76.4524917602539,18.569522857666,14.4807472229004,24.8573951721191,9.93835830688477
1,20.75,39.25,5.02046918869019,0.221477821469307,0.277617514133453,2.46474003791809,1.81158554553986,0.630135595798492,3.28891134262085,0,0,0.328486621379852,0,69.7293014526367,73.7093276977539,58.2431335449219,77.1470489501953,16.8378639221191,13.3118228912354,23.6861610412598,7.67803335189819
1,-6.25,37.75,4.79061269760132,0.274339914321899,0.251713901758194,1.55601406097412,1.46524035930634,0.0825740844011307,1.97539961338043,0,0.286908328533173,0,0.185407698154449,57.7640075683594,65.9759140014648,36.2206916809082,78.3530731201172,19.0065441131592,15.5631551742554,27.217960357666,9.3891134262085
1,-2.25,40.25,4.52734470367432,0.386567354202271,0.213290184736252,1.67759847640991,2.18612861633301,0.58704537153244,1.63591277599335,0,0.252090632915497,0,0.146109476685524,64.1005096435547,68.0837860107422,43.1126594543457,80.9084701538086,12.8371725082397,10.1898536682129,21.6971778869629,3.31007289886475
1,-7.25,39.25,4.84708118438721,0.267066359519958,0.334005683660507,1.86846506595612,1.71864330768585,0.143964424729347,2.15396189689636,0,0.242658361792564,0,0.150638431310654,59.8838729858398,70.5655822753906,42.1011962890625,81.1967620849609,17.6956520080566,14.239444732666,25.1504859924316,8.275954246521
1,17.25,46.75,5.10810422897339,0.329668045043945,0.100418142974377,1.84234261512756,2.31724953651428,1.94201385974884,1.88857889175415,0,5.53456948182429e-06,0,0.507596731185913,73.9247207641602,77.932991027832,65.5284881591797,88.1058959960938,11.4402503967285,10.9632511138916,20.8312320709229,0.468214929103851
1,19.75,46.75,5.22663402557373,0.546475768089294,0.111600637435913,2.04173541069031,2.3687527179718,1.47866034507751,2.17293667793274,0,1.81343796157307e-06,0,0.332334160804749,68.0916519165039,73.1079025268555,56.4834098815918,87.1947250366211,12.454797744751,11.8504981994629,22.4847354888916,0.51120400428772
1,16.25,40.25,4.88912677764893,0.276572525501251,0.142591401934624,2.73019862174988,2.85982656478882,1.88940286636353,2.93399858474731,0,1.74903695635687e-15,0,0.576514720916748,71.8322448730469,76.5967025756836,50.6890563964844,83.9854431152344,15.4802894592285,12.0431461334229,23.4631690979004,6.08451747894287
1,7.75,45.25,6.23409700393677,0.298567473888397,0.101879388093948,2.88297915458679,3.11561608314514,2.53352665901184,2.19218564033508,0,0,0.459880232810974,0,69.6074371337891,71.8369064331055,59.9904136657715,78.9330368041992,9.42930507659912,8.4785099029541,18.2834205627441,0.586623132228851
1,13.25,37.75,5.2853946685791,0.506690144538879,0.251402527093887,1.6461865901947,1.3250515460968,0.203445956110954,2.48342871665955,0,6.89650837522662e-16,0,0.232906714081764,68.1914291381836,73.5274353027344,54.1413345336914,77.5254287719727,19.8254222869873,14.8905477523804,25.8072757720947,10.7601871490479
1,-6.25,39.25,5.10216951370239,0.212853640317917,0.291357785463333,1.71483016014099,1.43858909606934,0.0773452743887901,1.86442446708679,0,0.300048738718033,0,0.187451630830765,57.2296142578125,67.2834320068359,35.8012771606445,80.0174942016602,17.800500869751,14.4012393951416,26.2474098205566,7.93911123275757
1,-7.25,40.25,4.91237163543701,0.191091358661652,0.221690073609352,2.98633074760437,2.95199847221375,0.394247651100159,3.3320255279541,0,0.499910414218903,0,0.0812338516116142,66.4775314331055,75.9961700439453,50.5836143493652,83.9622039794922,14.9192142486572,11.9917135238647,21.8663063049316,6.44161367416382
1,-3.75,36.75,5.04912900924683,0.153033554553986,0.0486918948590755,2.52554512023926,1.94620561599731,0.207566231489182,3.16308236122131,0,0.245570495724678,0,0.0690237432718277,67.9111099243164,68.8117294311523,46.1811828613281,80.8497619628906,15.963077545166,12.856632232666,23.5000133514404,7.35781240463257
1,21.75,42.25,5.41992092132568,0.365502893924713,0.273062825202942,1.66227281093597,2.14951157569885,0.821686327457428,2.05584812164307,0,0.0475934334099293,0,0.30158007144928,71.3385391235352,73.431396484375,56.3102264404297,89.7403259277344,11.340784072876,10.1125936508179,20.5437049865723,0.388289391994476
1,-4.75,41.75,5.63252019882202,0.653216660022736,0.21158854663372,0.978433132171631,1.36958241462708,0.229545921087265,1.17398405075073,0,0.0270022451877594,0,0.0781282112002373,61.5971908569336,71.6111297607422,48.031005859375,79.5959091186523,14.2176456451416,10.9520711898804,21.8350162506104,5.11063051223755
1,15.25,44.25,4.99396133422852,0.0856547355651855,0.0733405202627182,3.42977380752563,2.42289996147156,1.12290251255035,3.33297896385193,1.89315422530283e-40,0,0.470830082893372,0,74.4817047119141,77.5458908081055,67.2117691040039,78.8998641967773,14.4228553771973,12.0388631820679,21.783390045166,5.66667079925537
1,-3.25,40.25,5.73671293258667,0.396124213933945,0.188650816679001,1.04386496543884,1.2864955663681,0.112984269857407,1.24764430522919,0,0.222182229161263,0,0.161069124937057,57.5780410766602,64.3298187255859,35.8586235046387,77.0802993774414,15.1630191802979,12.1994466781616,24.3231029510498,5.24708461761475
1,-5.25,38.25,4.64462375640869,0.398318141698837,0.27024906873703,2.13706111907959,2.12322020530701,0.166758209466934,2.65634036064148,0,0.187208071351051,0,0.143187403678894,57.5613479614258,70.6439056396484,33.5259475708008,81.5478591918945,17.5285778045654,13.626540184021,26.4036903381348,7.40066957473755
1,-3.75,38.25,5.17280197143555,0.32813361287117,0.25957378745079,0.942914605140686,1.09102785587311,0.0575640089809895,1.52645838260651,0,0.25526624917984,0,0.14682824909687,54.5285568237305,63.1075210571289,30.2037029266357,76.837287902832,17.0706424713135,13.5724325180054,26.4608592987061,6.6384015083313
1,16.75,45.25,4.80601263046265,0.198484063148499,0.0707189068198204,2.91650223731995,2.91743111610413,1.37466657161713,3.09890127182007,1.24638281714601e-38,0,0.728974521160126,0,77.4372253417969,81.956169128418,66.2813339233398,89.8398666381836,11.4678993225098,10.5951681137085,20.6186866760254,0.857120752334595
1,11.75,44.75,5.53204727172852,0.690426647663116,0.106328777968884,3.27223300933838,3.02874732017517,1.29523241519928,2.93629574775696,0,0,0,0.176590263843536,72.2438354492188,77.4905090332031,60.6142578125,82.4764175415039,15.0320472717285,13.0441226959229,23.4624366760254,5.74308681488037
1,12.75,37.75,5.40655755996704,0.265532910823822,0.304550170898438,1.64080619812012,1.09573042392731,0.104171916842461,2.54462122917175,0,4.02336965352472e-15,0,0.237777009606361,69.3714065551758,73.8238983154297,62.7587928771973,73.0165252685547,20.988956451416,15.9103736877441,25.4361820220947,12.7846517562866
1,-2.75,40.25,4.54583501815796,0.496924817562103,0.27057757973671,1.00752389431,1.3339536190033,0.139221534132957,1.20924520492554,0,0.0630887374281883,0,0.1654402166605,58.8644905090332,64.074577331543,37.0137557983398,77.8530197143555,14.5789222717285,11.7667074203491,23.7525978088379,4.69424867630005
1,15.75,46.75,5.47559452056885,0.254776149988174,0.224676728248596,1.99415326118469,2.42586922645569,2.29375958442688,1.75523543357849,4.2353618926568e-29,0,0.495604038238525,0,79.2926788330078,80.353141784668,71.8921203613281,89.412841796875,9.57133388519287,9.39368057250977,18.6196117401123,-0.448970526456833
1,12.75,45.75,5.6628212928772,0.587343156337738,0.0513130314648151,1.90437376499176,2.16085577011108,1.5340564250946,1.66570591926575,0,0,0.203303009271622,0,70.3869400024414,72.1804046630859,65.1093826293945,75.5198822021484,13.2660970687866,12.2548055648804,21.4183788299561,4.4778790473938
1,14.75,47.25,4.9210147857666,0.0753194242715836,0.112473785877228,3.41512608528137,4.43697881698608,5.38534545898438,2.57943558692932,0,0,0.806459665298462,0,88.9057388305664,88.4153137207031,81.9194641113281,97.332633972168,5.88037538528442,5.53783559799194,14.4316749572754,-3.34449863433838
1,13.25,46.75,4.81601619720459,0.070255808532238,0.203794807195663,3.28891921043396,4.73502540588379,5.54117393493652,2.53744339942932,0,0,0.723239719867706,0,87.4954223632812,88.0349349975586,80.9507217407227,96.8688354492188,5.30394887924194,4.72497987747192,13.6877584457397,-3.87735605239868
1,16.25,39.75,5.29779577255249,0.281061291694641,0.101436950266361,2.30254817008972,1.86818671226501,0.834454298019409,2.90599417686462,0,0,0,0.607304811477661,70.4497528076172,73.6832962036133,55.4334526062012,77.5910110473633,17.2623538970947,13.6229286193848,24.0979442596436,8.57879066467285
1,13.25,41.25,5.24439001083374,0.159591436386108,0.0596637614071369,1.94398057460785,1.64143967628479,0.577733218669891,2.19752836227417,0,0,0,0.224045440554619,67.8447265625,72.8042831420898,55.7416343688965,73.9884033203125,18.0140724182129,14.2961263656616,24.7552833557129,9.4255313873291
1,-5.75,38.25,4.6903715133667,0.432642966508865,0.29080668091774,2.62981247901917,2.53778004646301,0.236481606960297,2.98533916473389,0,0.095160499215126,0,0.179748773574829,58.8845596313477,72.0785522460938,34.9951400756836,82.6771774291992,17.3660926818848,13.4713172912598,26.0239505767822,7.40737295150757
1,21.25,39.75,4.22435808181763,0.0864873975515366,0.0708499029278755,2.77697491645813,3.164381980896,1.81353080272675,3.67706799507141,0,0.778827309608459,0,0.0638013333082199,73.6018447875977,77.3917388916016,54.4128532409668,86.7036972045898,13.2284183502197,10.5506839752197,21.5506229400635,3.29961538314819
1,7.25,45.75,4.912278175354,0.0177696645259857,0.212257757782936,4.58772850036621,5.63807010650635,4.94259691238403,4.05017900466919,0,0,0.687188684940338,0,82.9832458496094,86.6599807739258,75.1510162353516,95.0758056640625,4.5600323677063,3.08024501800537,12.4821510314941,-4.53614902496338
1,19.75,41.75,5.28960943222046,0.204569011926651,0.0970528498291969,1.97891104221344,1.56969797611237,0.294048368930817,2.52161312103271,0.137940838932991,0,0.455249965190887,0,67.6487731933594,71.2400817871094,51.9647064208984,79.6310958862305,14.3370809555054,12.0203189849854,22.771936416626,4.28650331497192
1,-4.25,37.75,5.05770111083984,0.623924612998962,0.189586743712425,1.09607362747192,1.14074635505676,0.0699315667152405,1.50717449188232,0,0.0221611894667149,0,0.159142881631851,53.6648559570312,61.1775436401367,30.893726348877,74.5020065307617,18.1235179901123,14.6289205551147,27.1598243713379,7.836501121521
1,-1.25,40.25,4.59619569778442,0.23400841653347,0.197583496570587,3.14140582084656,3.5865159034729,1.46220707893372,2.35146832466125,0,0.401038408279419,0,0.164833381772041,71.3780364990234,73.640251159668,53.5530776977539,83.1002578735352,11.5377340316772,8.98205947875977,19.7083778381348,2.61255288124084
1,13.75,41.25,5.40912103652954,0.250704079866409,0.101748540997505,1.9077513217926,1.83158445358276,0.740081310272217,2.19495391845703,0,2.47964981880955e-10,0,0.290803730487823,69.1551895141602,74.0845184326172,53.4930648803711,77.526725769043,16.9078712463379,13.4209327697754,24.3240184783936,8.0301456451416
1,-4.25,39.75,5.04733562469482,0.565148830413818,0.269823968410492,1.42298889160156,1.63370406627655,0.110840395092964,1.68063068389893,0,0.0642904713749886,0,0.0941614881157875,57.2477798461914,66.1855087280273,32.8839340209961,78.8881607055664,16.0808353424072,12.8582706451416,25.4781227111816,6.02712392807007
1,21.75,37.25,4.83175373077393,0.0725872591137886,0.366622745990753,2.56674838066101,1.37856030464172,0.334709197282791,3.78428649902344,0,0.199480518698692,0,0.100907862186432,69.276611328125,72.7056274414062,64.0530242919922,73.7074127197266,19.0295848846436,14.6118507385254,24.1825199127197,10.7839088439941
1,-5.75,37.25,6.0346474647522,0.634600102901459,0.240355536341667,1.38793647289276,1.32930588722229,0.0386454723775387,1.97997629642487,0,0.00113398488610983,0,0.0534702017903328,57.7846527099609,65.5071487426758,37.3131980895996,77.6947326660156,19.6761913299561,15.8444356918335,27.6220645904541,9.84292984008789
1,19.25,46.25,4.91184425354004,0.565792858600616,0.107320867478848,1.94752728939056,2.54039812088013,1.72432219982147,2.20968079566956,0,0.00470506912097335,0,0.319297939538956,67.8782272338867,73.9445724487305,58.678638458252,86.9479598999023,12.7874393463135,11.9798727035522,22.3072242736816,0.898787438869476
1,-0.75,39.25,5.43837833404541,0.244882091879845,0.211308211088181,1.5961982011795,1.41095638275146,0.346145689487457,1.30317795276642,0,0.37541526556015,0,0.159184798598289,67.3076934814453,65.3368988037109,57.3698120117188,71.374153137207,17.1960277557373,14.1790914535522,23.7201480865479,8.76662635803223
1,15.75,45.75,5.84490871429443,0.180303692817688,0.07663244754076,3.00733804702759,2.94794058799744,1.83633840084076,2.83516716957092,0.00429126108065248,0,0.694270372390747,0,80.8197174072266,83.5044860839844,71.3913497924805,91.0557022094727,10.2796773910522,9.78973770141602,19.386905670166,-0.026068115606904
1,20.75,44.75,5.69146394729614,0.624981462955475,0.152916833758354,2.00512504577637,2.52496671676636,1.29844772815704,2.42967486381531,0,0.000418468902353197,0,0.175029799342155,69.3270645141602,76.7903671264648,58.3837356567383,88.3239059448242,12.7462606430054,11.690616607666,22.2420082092285,1.14880776405334
1,5.75,43.75,5.0907826423645,0.156344294548035,0.127253100275993,1.81689512729645,1.95711207389832,0.633433818817139,1.84812951087952,0,0,0.711875259876251,0,67.0326766967773,69.3228988647461,51.3919525146484,76.4941024780273,13.2275428771973,11.4791603088379,21.2837257385254,4.63343715667725
1,14.75,40.75,6.16342687606812,0.129213780164719,0.0309544000774622,1.8389585018158,1.72962486743927,0.65577757358551,2.18701338768005,0,0,0,0.483701318502426,70.3041305541992,75.8311309814453,55.9804496765137,77.9569778442383,16.9140872955322,13.1526432037354,23.9931583404541,8.02814102172852
1,-7.25,37.75,4.54252052307129,0.191568493843079,0.314109325408936,1.65230083465576,1.44502103328705,0.0850936248898506,1.99944770336151,0,0.31984868645668,0,0.174034401774406,59.8051643371582,67.2936859130859,40.3473281860352,79.1817398071289,18.8553714752197,15.5728702545166,26.2593517303467,9.76172256469727
1,21.25,46.75,5.29813957214355,0.611645698547363,0.113579735159874,1.75734484195709,2.37354946136475,1.36296427249908,1.96040976047516,0,0.0281284768134356,0,0.234328776597977,66.9329452514648,76.0078048706055,56.9402961730957,87.6896591186523,12.6613101959229,11.526309967041,22.4687747955322,0.390730798244476
1,-7.25,38.25,4.59425210952759,0.345820665359497,0.282281816005707,2.00939440727234,1.91227281093597,0.172164037823677,2.26129388809204,0,0.228902831673622,0,0.141067266464233,60.3092842102051,71.5641632080078,40.7470550537109,82.3056106567383,17.8881568908691,14.2795553207397,25.4839115142822,8.39881801605225
1,-0.25,45.75,5.08843326568604,0.639358997344971,0.220205783843994,2.2722008228302,2.61368846893311,1.42968833446503,2.74700021743774,0,0,0,0.134617149829865,72.8837280273438,82.6162719726562,68.8290710449219,85.3691787719727,14.1154727935791,11.6665487289429,19.9053592681885,6.01515102386475
1,-6.25,36.75,5.82956504821777,0.3277787566185,0.141957670450211,1.55069279670715,1.21699857711792,0.0302477423101664,2.07654666900635,0,0.170394465327263,0,0.0827709436416626,60.2390289306641,62.1550178527832,42.3941040039062,74.6940536499023,20.4915409088135,17.4053897857666,27.4022159576416,11.8143863677979
1,14.75,41.75,5.26750373840332,0.554840803146362,0.164971515536308,2.60840654373169,2.61493182182312,1.44898426532745,2.72004890441895,0,2.35040846702046e-21,0,0.263694643974304,72.3679580688477,77.7955780029297,54.1708755493164,83.8443603515625,15.0123128890991,11.7756490707397,22.9928112030029,5.79148769378662
1,19.75,42.25,5.14978647232056,0.135008588433266,0.0924898162484169,3.03558087348938,3.23962903022766,1.58937096595764,3.5587694644928,0.203549280762672,0,0.556422531604767,0,76.1869735717773,79.3188095092773,61.1437606811523,88.9167251586914,10.6493873596191,8.90291786193848,19.2190799713135,0.749475121498108
1,0.75,41.25,4.83083915710449,0.302566587924957,0.206501752138138,1.01539349555969,1.0673736333847,0.253847002983093,0.865263760089874,0,0.292594879865646,0,0.187986582517624,63.5161972045898,62.4135894775391,51.2968444824219,69.7117004394531,17.2923316955566,14.676100730896,25.0938053131104,8.210036277771
1,1.25,43.75,5.89178419113159,0.514281749725342,0.169087097048759,1.3565422296524,1.78077709674835,0.532037436962128,1.8650221824646,0,0,0,0.272732824087143,68.7997817993164,77.7264938354492,59.8861312866211,82.3624038696289,14.8389730453491,12.1528873443604,21.7456493377686,5.96334218978882
1,-2.75,39.25,4.80918502807617,0.619405150413513,0.280472785234451,1.36971485614777,1.56024050712585,0.164181217551231,1.60521996021271,0,6.83499383740127e-05,0,0.0962916761636734,58.4496650695801,63.3673515319824,34.4208946228027,77.5117645263672,15.7388553619385,12.6140480041504,25.1492652893066,5.64236879348755
1,-2.25,41.25,4.03511047363281,0.368207216262817,0.280285537242889,1.79508769512177,2.43903279304504,0.679025530815125,1.77129316329956,0,0.167443826794624,0,0.183974698185921,65.7878952026367,72.2987442016602,49.6784706115723,82.1640167236328,12.3897342681885,9.58478164672852,20.4761486053467,3.15819692611694
1,9.75,47.25,5.70582628250122,0.116531006991863,0.242387026548386,3.59972333908081,5.21803092956543,5.82451963424683,2.84687185287476,0.000870727002620697,0,0.599253356456757,0,85.8984222412109,86.2616348266602,80.9118194580078,93.1450805664062,6.07206630706787,5.17956972122192,13.6345863342285,-2.61570835113525
1,-3.25,39.75,4.87658309936523,0.670399367809296,0.18364505469799,1.20184183120728,1.36944401264191,0.0996401309967041,1.35805428028107,0,0.0392338484525681,0,0.102534361183643,56.8050422668457,62.8838233947754,33.2013702392578,76.8931884765625,16.0427074432373,12.9642276763916,25.4556617736816,5.8992657661438
1,10.75,45.25,5.7558650970459,0.557650208473206,0.098453477025032,1.87043559551239,2.0403687953949,0.961768627166748,1.52145445346832,0,0,0.262965649366379,0,70.0953674316406,74.6548156738281,59.7713317871094,79.6360015869141,13.5296773910522,12.6001930236816,22.6441783905029,4.29394960403442
1,14.25,42.25,5.68970203399658,0.386782675981522,0.0887445136904716,4.37535381317139,3.66915416717529,2.19391179084778,4.21268129348755,0,0,0,0.357751876115799,76.5594024658203,78.5745849609375,65.4228591918945,81.4706649780273,14.7437381744385,11.8663167953491,21.6857738494873,6.51403188705444
1,4.75,44.25,5.50155162811279,0.276963889598846,0.141530394554138,2.0789783000946,1.91456174850464,0.731242716312408,2.20623016357422,0,0,0.565232336521149,0,71.0228729248047,73.0551223754883,55.425651550293,80.633544921875,13.0045204162598,11.3728580474854,21.0885562896729,4.4340558052063
1,-4.75,37.75,5.70219421386719,0.537149906158447,0.276554614305496,1.08932554721832,1.12858736515045,0.051309734582901,1.57969510555267,0,0.0354253761470318,0,0.117231801152229,53.0534553527832,63.1836700439453,31.68044090271,74.6704406738281,19.3138561248779,15.3305397033691,28.0049076080322,8.94378089904785
1,8.25,40.75,4.98015403747559,0.152178704738617,0.111910030245781,1.83706414699554,1.32064592838287,0.244843006134033,2.08934760093689,0,2.24332649678693e-10,0,0.135342538356781,70.0356140136719,74.2187652587891,64.0515975952148,74.4388198852539,18.8525943756104,14.3561954498291,23.5701942443848,10.861647605896
1,-3.75,40.25,6.62335538864136,0.341696232557297,0.0991858765482903,1.28761732578278,1.51647520065308,0.152527466416359,1.47264719009399,0,0.210583060979843,0,0.089196115732193,57.8285179138184,65.7790908813477,36.1266593933105,77.6057586669922,15.2333316802979,12.2009725570679,24.2940502166748,5.39727163314819
1,16.25,44.25,4.39874458312988,0.116310507059097,0.196102440357208,3.88359665870667,3.63727951049805,1.96591138839722,4.10646295547485,0.00232203165069222,0,0.684504628181458,0,80.0346221923828,81.4845809936523,66.5594024658203,88.2095031738281,11.1580448150635,9.70538711547852,19.6846656799316,1.73253786563873
1,-6.75,41.25,4.38000822067261,0.214125916361809,0.196754589676857,2.22111511230469,2.32818675041199,0.375810623168945,2.47999858856201,0,0.468480110168457,0,0.119967073202133,66.3458251953125,75.4011840820312,51.02880859375,83.7448272705078,14.1693363189697,11.1913089752197,21.2330760955811,5.61383485794067
1,16.75,40.25,5.00901412963867,0.342213988304138,0.144257068634033,1.80576777458191,1.72486114501953,0.846737563610077,2.17211890220642,0,6.43326817395561e-15,0,0.203509882092476,66.8508682250977,69.4321975708008,45.6528587341309,78.9579849243164,17.7035961151123,14.3695821762085,25.9669933319092,8.14241981506348
1,16.25,39.25,5.58582210540771,0.149007976055145,0.0648561492562294,3.07880115509033,2.3176600933075,1.14426791667938,3.66027355194092,0,6.32059515837113e-10,0,0.654392838478088,72.4852828979492,75.2543182373047,57.4331588745117,78.9785385131836,17.1248207092285,13.3623905181885,23.7309913635254,8.5636739730835
1,0.25,41.25,4.31972312927246,0.340492010116577,0.273300170898438,1.5081250667572,1.56524634361267,0.395409554243088,1.1520664691925,0,0.114739328622818,0,0.266487002372742,63.261100769043,62.4682540893555,48.1933174133301,71.4672317504883,16.4165172576904,13.9241781234741,24.785852432251,7.15492153167725
1,10.75,46.25,4.67558479309082,0.012935820966959,0.126219615340233,4.1858983039856,6.21509075164795,7.50838327407837,3.09213948249817,0,0,0.827009975910187,0,85.175422668457,88.2923736572266,82.3223190307617,91.7033767700195,5.25220155715942,4.1860089302063,13.0468482971191,-3.57772421836853
1,-7.75,39.25,4.53243017196655,0.312196999788284,0.316092491149902,2.00898456573486,1.89286160469055,0.19248266518116,2.3495831489563,0,0.251289963722229,0,0.119647718966007,62.3152694702148,71.8392791748047,47.8373985290527,81.1678848266602,17.5816993713379,14.3164615631104,24.1277408599854,8.74426651000977
1,-0.75,42.25,4.26613140106201,0.353576809167862,0.181634649634361,1.76095628738403,2.33313941955566,0.836097419261932,2.0747241973877,0.000521232199389488,0,0.46101638674736,0,69.6632232666016,71.9622573852539,56.2285804748535,82.0362777709961,13.0772438049316,10.6857032775879,20.9090824127197,4.14160585403442
1,13.75,43.25,5.48542928695679,0.357501626014709,0.046995285898447,3.98677492141724,2.94823741912842,1.55229985713959,3.83103513717651,0,1.99693473562634e-11,0,0.0975948870182037,71.6858749389648,75.7413177490234,65.2893753051758,74.0843811035156,16.7502994537354,13.4378089904785,23.207462310791,8.77148818969727
1,13.75,37.75,5.23172998428345,0.552482843399048,0.218530416488647,2.13000655174255,1.66182076931,0.359488368034363,2.93403744697571,0,4.43068958665095e-15,0,0.213817670941353,69.3500366210938,75.3475799560547,54.0732154846191,79.50390625,19.1988563537598,14.1889991760254,25.3521156311035,10.0521583557129
1,17.75,43.25,5.40843296051025,0.273049592971802,0.455371737480164,2.84510135650635,2.30558776855469,0.794076800346375,3.6079249382019,8.94888362381607e-05,0,0.259874731302261,0,72.262809753418,74.9288711547852,63.2973365783691,78.0610046386719,14.1451969146729,11.6334676742554,21.5569190979004,5.272292137146
1,8.75,40.75,5.31249856948853,0.355286926031113,0.21870319545269,1.79801976680756,1.47320032119751,0.316472500562668,2.06326603889465,0,0,0,0.265075266361237,69.6567611694336,72.1435241699219,58.4275360107422,75.8753814697266,18.1654605865479,14.0730123519897,23.8885231018066,9.87060928344727
1,-0.75,49.25,5.06160402297974,0.289353460073471,0.234210729598999,3.54801511764526,2.42340779304504,2.12706995010376,3.54147052764893,0,0,0.203505381941795,0,77.8476791381836,83.4318161010742,82.5327529907227,80.7824859619141,13.9607181549072,10.0942630767822,16.4213390350342,7.50456142425537
1,7.75,45.75,4.79287195205688,0.0193536784499884,0.254599332809448,4.20803022384644,4.97613000869751,4.670973777771,3.64470195770264,0,0,0.632130563259125,0,80.4401092529297,83.0714797973633,73.5281829833984,90.9460906982422,5.51907777786255,4.34790468215942,13.7212562561035,-3.51339316368103
1,-0.75,38.25,5.83234024047852,0.846397697925568,8.82081679833696e-14,1.38627827167511,0.927740097045898,0.126923218369484,1.27540123462677,0,8.79745359677261e-16,0,7.52258699776576e-08,66.4822616577148,62.8259582519531,57.0368614196777,69.8194580078125,19.1305980682373,15.9620094299316,25.1771984100342,10.7451009750366
1,18.25,48.75,5.42445802688599,0.278122365474701,0.0794616639614105,1.93300521373749,2.56601762771606,2.26587581634521,2.24524426460266,0,0,0.613676071166992,0,80.5424575805664,82.0665740966797,72.3236083984375,94.0770263671875,8.68418788909912,8.54994106292725,18.2286014556885,-2.12618613243103
1,-1.75,48.25,5.62192630767822,0.595851898193359,0.249566927552223,2.33732843399048,2.55084204673767,1.82860064506531,3.03647541999817,0,0,0,0.130218222737312,78.8446884155273,84.6568908691406,79.0334548950195,86.2775573730469,12.9111471176147,10.2425785064697,17.0667762756348,6.10902309417725
1,0.25,43.75,4.75898551940918,0.661657094955444,0.264104872941971,1.82021415233612,2.28271055221558,0.888501346111298,2.23463535308838,0,0,0,0.0717198476195335,70.2778167724609,78.6840744018555,65.3163757324219,82.5959243774414,14.7630348205566,12.3235311508179,20.9883670806885,6.33870840072632
1,-2.25,37.75,4.67526960372925,0.345860958099365,0.0774600580334663,1.69861662387848,1.48472845554352,0.190203249454498,1.88243269920349,0,0.435819715261459,0,0.140462249517441,62.9713363647461,61.3486976623535,43.5293235778809,73.4404144287109,16.550968170166,13.6467323303223,24.4556102752686,7.38233852386475
1,13.75,46.75,5.15136337280273,0.083316296339035,0.114014752209187,2.95023083686829,4.15506649017334,4.7010760307312,2.2912802696228,0,0,0.783997893333435,0,86.539665222168,86.5757675170898,79.2463226318359,95.9286270141602,5.85035610198975,5.35169887542725,14.343469619751,-3.27851963043213
1,-5.75,39.25,4.854576587677,0.225832998752594,0.344887346029282,1.7805107831955,1.57254815101624,0.0870771557092667,1.95713663101196,0,0.208576127886772,0,0.216583758592606,56.7287673950195,66.8479537963867,33.511661529541,80.0028839111328,17.4413890838623,14.0118656158447,26.3484230041504,7.36217641830444
1,20.75,41.75,5.38661670684814,0.0945554077625275,0.340293228626251,2.89012885093689,2.96528935432434,1.33425533771515,3.33492159843445,0,0,0.547324359416962,0,73.3672485351562,76.3837890625,57.293212890625,89.6539840698242,10.7962684631348,9.17623329162598,19.5163097381592,0.260156244039536
1,-1.25,43.75,5.15501260757446,0.151862800121307,0.0472353734076023,2.7485613822937,2.59642267227173,1.36880040168762,3.03953218460083,0,0,0.651343762874603,0,71.8803100585938,75.6769332885742,71.301872253418,77.447151184082,16.1982975006104,13.217248916626,20.3803653717041,9.06256484985352
1,-4.25,40.25,5.35388422012329,0.438266932964325,0.272900342941284,1.91245329380035,2.21637916564941,0.297278463840485,2.04286742210388,0,0.166320309042931,0,0.117478981614113,60.257984161377,69.441276550293,38.4273643493652,80.1018371582031,14.6390724182129,11.6208639144897,23.4434452056885,5.06608486175537
1,9.25,39.25,5.63450527191162,0.1190390214324,0.0672569945454597,1.29110026359558,0.971757650375366,0.100015856325626,1.64261329174042,0,0,0,0.405232667922974,70.5501861572266,73.6781158447266,63.7715950012207,73.151611328125,19.950138092041,15.247389793396,24.5312232971191,12.0100440979004
1,-7.75,37.75,4.57677984237671,0.35421022772789,0.302715748548508,1.67080736160278,1.42444598674774,0.0914512574672699,2.0084125995636,0,0.207327082753181,0,0.133105129003525,61.4211616516113,68.7706832885742,44.6218566894531,79.3785552978516,18.8537845611572,15.5647010803223,25.3931617736816,10.2350301742554
1,6.75,43.75,5.40522909164429,0.0427854880690575,0.0759736970067024,3.08284568786621,3.26077675819397,1.61326134204865,3.10680317878723,0,0,0.858465313911438,0,72.8857727050781,74.7458877563477,59.5115089416504,81.9014587402344,10.7026100158691,9.02121353149414,18.4957714080811,2.33977651596069
0,-4.75,40.25,4.78407096862793,0.25842946767807,0.260276585817337,2.90717530250549,3.27190518379211,0.567994058132172,2.94338750839233,0,0.325346291065216,0,0.152448117733002,64.0502166748047,74.3354034423828,41.8680114746094,83.5112380981445,13.6351156234741,10.5579061508179,22.2154674530029,4.35608339309692
0,13.25,41.25,5.24439001083374,0.159591436386108,0.0596637614071369,1.94398057460785,1.64143967628479,0.577733218669891,2.19752836227417,0,0,0,0.224045440554619,67.8447265625,72.8042831420898,55.7416343688965,73.9884033203125,18.0140724182129,14.2961263656616,24.7552833557129,9.4255313873291
0,-2.25,42.25,5.31529140472412,0.265133142471313,0.219395563006401,1.64824557304382,2.41731333732605,0.966173768043518,1.8556170463562,0.000561360677238554,0,0.501124024391174,0,69.7437057495117,76.249626159668,63.2644348144531,82.9499740600586,12.8998355865479,10.1710958480835,19.4865055084229,4.2897686958313
0,-7.25,40.25,4.91237163543701,0.191091358661652,0.221690073609352,2.98633074760437,2.95199847221375,0.394247651100159,3.3320255279541,0,0.499910414218903,0,0.0812338516116142,66.4775314331055,75.9961700439453,50.5836143493652,83.9622039794922,14.9192142486572,11.9917135238647,21.8663063049316,6.44161367416382
0,-5.75,38.25,4.6903715133667,0.432642966508865,0.29080668091774,2.62981247901917,2.53778004646301,0.236481606960297,2.98533916473389,0,0.095160499215126,0,0.179748773574829,58.8845596313477,72.0785522460938,34.9951400756836,82.6771774291992,17.3660926818848,13.4713172912598,26.0239505767822,7.40737295150757
0,-6.25,39.75,4.67381238937378,0.141280069947243,0.278949826955795,1.50930297374725,1.29408645629883,0.0583856515586376,1.85089445114136,0,0.390993654727936,0,0.181316390633583,58.4010314941406,67.3939819335938,36.5130195617676,80.2698745727539,17.2453861236572,14.0797462463379,25.9225196838379,7.56278896331787
0,9.75,47.25,5.70582628250122,0.116531006991863,0.242387026548386,3.59972333908081,5.21803092956543,5.82451963424683,2.84687185287476,0.000870727002620697,0,0.599253356456757,0,85.8984222412109,86.2616348266602,80.9118194580078,93.1450805664062,6.07206630706787,5.17956972122192,13.6345863342285,-2.61570835113525
0,18.75,47.75,5.4298357963562,0.360897481441498,0.0987820252776146,1.63119769096375,2.03154039382935,1.49256634712219,1.78357791900635,0,0.000104765502328519,0,0.530534267425537,73.1796035766602,76.3581695556641,62.2573280334473,90.0767288208008,10.8414344787598,10.6087989807129,20.9198131561279,-0.577673316001892
0,-5.75,38.75,4.93217992782593,0.38936710357666,0.303072065114975,2.14433836936951,1.915487408638,0.132668301463127,2.2682101726532,0,0.0891233012080193,0,0.212749555706978,56.5039978027344,67.9372482299805,33.0953369140625,80.7295989990234,17.7939186096191,14.1114339828491,26.6020450592041,7.56554555892944
0,2.75,43.75,4.45441818237305,0.201826840639114,0.153235211968422,2.44442296028137,2.50814819335938,0.782758772373199,2.66507053375244,0,0,0.644245624542236,0,77.3070755004883,78.4556884765625,63.5130348205566,86.1521301269531,12.2978048324585,10.307315826416,19.6343727111816,4.11263418197632
0,-4.25,36.75,5.84037446975708,0.225223734974861,0.0745058879256248,2.05999970436096,1.75391781330109,0.128132909536362,2.86519694328308,0,0.145887762308121,0,0.0833852291107178,66.7982711791992,69.2639999389648,45.0581855773926,81.2407608032227,16.6509437561035,13.4000282287598,24.2414493560791,7.8323712348938
0,17.25,43.25,5.06560850143433,0.16267266869545,0.170412242412567,2.67104601860046,1.94193994998932,0.626696825027466,3.33271384239197,8.67361737988404e-19,0,0.408106476068497,0,69.4701461791992,73.1342697143555,64.5714721679688,73.0273818969727,16.1789894104004,13.1568031311035,22.8463878631592,7.6679220199585
0,15.25,44.25,4.99396133422852,0.0856547355651855,0.0733405202627182,3.42977380752563,2.42289996147156,1.12290251255035,3.33297896385193,1.89315422530283e-40,0,0.470830082893372,0,74.4817047119141,77.5458908081055,67.2117691040039,78.8998641967773,14.4228553771973,12.0388631820679,21.783390045166,5.66667079925537
0,-7.75,37.75,4.57677984237671,0.35421022772789,0.302715748548508,1.67080736160278,1.42444598674774,0.0914512574672699,2.0084125995636,0,0.207327082753181,0,0.133105129003525,61.4211616516113,68.7706832885742,44.6218566894531,79.3785552978516,18.8537845611572,15.5647010803223,25.3931617736816,10.2350301742554
0,16.25,40.25,4.88912677764893,0.276572525501251,0.142591401934624,2.73019862174988,2.85982656478882,1.88940286636353,2.93399858474731,0,1.74903695635687e-15,0,0.576514720916748,71.8322448730469,76.5967025756836,50.6890563964844,83.9854431152344,15.4802894592285,12.0431461334229,23.4631690979004,6.08451747894287
0,-2.75,36.75,5.23159646987915,0.0882803648710251,0.0269129797816277,2.36506390571594,1.60236096382141,0.196086779236794,2.66162061691284,0,0.368141412734985,0,0.0306257680058479,70.3109664916992,69.8108215332031,57.9380798339844,75.0067825317383,17.2514381408691,13.8210287094116,22.8928470611572,9.72563076019287
0,20.75,41.75,5.38661670684814,0.0945554077625275,0.340293228626251,2.89012885093689,2.96528935432434,1.33425533771515,3.33492159843445,0,0,0.547324359416962,0,73.3672485351562,76.3837890625,57.293212890625,89.6539840698242,10.7962684631348,9.17623329162598,19.5163097381592,0.260156244039536
0,21.75,42.25,5.41992092132568,0.365502893924713,0.273062825202942,1.66227281093597,2.14951157569885,0.821686327457428,2.05584812164307,0,0.0475934334099293,0,0.30158007144928,71.3385391235352,73.431396484375,56.3102264404297,89.7403259277344,11.340784072876,10.1125936508179,20.5437049865723,0.388289391994476
0,7.25,45.75,4.912278175354,0.0177696645259857,0.212257757782936,4.58772850036621,5.63807010650635,4.94259691238403,4.05017900466919,0,0,0.687188684940338,0,82.9832458496094,86.6599807739258,75.1510162353516,95.0758056640625,4.5600323677063,3.08024501800537,12.4821510314941,-4.53614902496338
0,9.25,39.25,5.63450527191162,0.1190390214324,0.0672569945454597,1.29110026359558,0.971757650375366,0.100015856325626,1.64261329174042,0,0,0,0.405232667922974,70.5501861572266,73.6781158447266,63.7715950012207,73.151611328125,19.950138092041,15.247389793396,24.5312232971191,12.0100440979004
0,13.25,37.75,5.2853946685791,0.506690144538879,0.251402527093887,1.6461865901947,1.3250515460968,0.203445956110954,2.48342871665955,0,6.89650837522662e-16,0,0.232906714081764,68.1914291381836,73.5274353027344,54.1413345336914,77.5254287719727,19.8254222869873,14.8905477523804,25.8072757720947,10.7601871490479
0,4.25,44.25,5.19312334060669,0.16003505885601,0.110725052654743,3.01058602333069,2.60892152786255,1.35675537586212,3.04000115394592,0,0,0.722151279449463,0,74.1786041259766,75.289192199707,58.9463272094727,82.8178176879883,12.6187076568604,10.9328145980835,20.4835548400879,4.28080654144287
0,-3.75,36.75,5.04912900924683,0.153033554553986,0.0486918948590755,2.52554512023926,1.94620561599731,0.207566231489182,3.16308236122131,0,0.245570495724678,0,0.0690237432718277,67.9111099243164,68.8117294311523,46.1811828613281,80.8497619628906,15.963077545166,12.856632232666,23.5000133514404,7.35781240463257
0,17.25,46.75,5.10810422897339,0.329668045043945,0.100418142974377,1.84234261512756,2.31724953651428,1.94201385974884,1.88857889175415,0,5.53456948182429e-06,0,0.507596731185913,73.9247207641602,77.932991027832,65.5284881591797,88.1058959960938,11.4402503967285,10.9632511138916,20.8312320709229,0.468214929103851
0,-0.25,45.75,5.08843326568604,0.639358997344971,0.220205783843994,2.2722008228302,2.61368846893311,1.42968833446503,2.74700021743774,0,0,0,0.134617149829865,72.8837280273438,82.6162719726562,68.8290710449219,85.3691787719727,14.1154727935791,11.6665487289429,19.9053592681885,6.01515102386475
0,9.25,39.75,4.82465648651123,0.195160135626793,0.126515299081802,1.41194534301758,1.25237059593201,0.141319438815117,1.7424989938736,0,7.5775546285546e-16,0,0.677493572235107,69.0715637207031,70.4292221069336,53.2006607055664,76.4524917602539,18.569522857666,14.4807472229004,24.8573951721191,9.93835830688477
0,0.25,41.25,4.31972312927246,0.340492010116577,0.273300170898438,1.5081250667572,1.56524634361267,0.395409554243088,1.1520664691925,0,0.114739328622818,0,0.266487002372742,63.261100769043,62.4682540893555,48.1933174133301,71.4672317504883,16.4165172576904,13.9241781234741,24.785852432251,7.15492153167725
0,-1.25,39.25,4.65901851654053,0.310004234313965,0.221533939242363,1.67137181758881,1.70963037014008,0.366944134235382,1.45354402065277,0,0.311071425676346,0,0.156826332211494,65.2221527099609,63.5362739562988,48.3259353637695,74.059211730957,15.6653280258179,12.9512062072754,23.7449169158936,6.56130361557007
0,8.25,40.75,4.98015403747559,0.152178704738617,0.111910030245781,1.83706414699554,1.32064592838287,0.244843006134033,2.08934760093689,0,2.24332649678693e-10,0,0.135342538356781,70.0356140136719,74.2187652587891,64.0515975952148,74.4388198852539,18.8525943756104,14.3561954498291,23.5701942443848,10.861647605896
0,-4.75,37.75,5.70219421386719,0.537149906158447,0.276554614305496,1.08932554721832,1.12858736515045,0.051309734582901,1.57969510555267,0,0.0354253761470318,0,0.117231801152229,53.0534553527832,63.1836700439453,31.68044090271,74.6704406738281,19.3138561248779,15.3305397033691,28.0049076080322,8.94378089904785
0,18.25,42.75,5.0601658821106,0.174202561378479,0.407616704702377,3.20409321784973,2.42834115028381,0.865768432617188,3.85954761505127,4.13967443657626e-10,0,0.256130993366241,0,72.3188781738281,75.5730819702148,63.9036178588867,77.5972747802734,14.5085287094116,11.8763160705566,21.7652835845947,5.60823965072632
0,-6.25,37.25,5.55080413818359,0.497362405061722,0.229107543826103,1.38908302783966,1.20852982997894,0.0370909236371517,1.8779194355011,0,0.155880719423294,0,0.0943705663084984,58.3164405822754,63.3582382202148,38.4728164672852,76.1199340820312,19.8665409088135,16.6140689849854,27.5463199615479,10.6308326721191
0,20.75,39.25,5.02046918869019,0.221477821469307,0.277617514133453,2.46474003791809,1.81158554553986,0.630135595798492,3.28891134262085,0,0,0.328486621379852,0,69.7293014526367,73.7093276977539,58.2431335449219,77.1470489501953,16.8378639221191,13.3118228912354,23.6861610412598,7.67803335189819
0,7.75,45.75,4.79287195205688,0.0193536784499884,0.254599332809448,4.20803022384644,4.97613000869751,4.670973777771,3.64470195770264,0,0,0.632130563259125,0,80.4401092529297,83.0714797973633,73.5281829833984,90.9460906982422,5.51907777786255,4.34790468215942,13.7212562561035,-3.51339316368103
0,14.25,42.25,5.68970203399658,0.386782675981522,0.0887445136904716,4.37535381317139,3.66915416717529,2.19391179084778,4.21268129348755,0,0,0,0.357751876115799,76.5594024658203,78.5745849609375,65.4228591918945,81.4706649780273,14.7437381744385,11.8663167953491,21.6857738494873,6.51403188705444
0,-4.25,38.75,4.92018508911133,0.450529724359512,0.299442201852798,1.73195493221283,1.93648791313171,0.15386837720871,2.23945069313049,0,0.0856135040521622,0,0.159659251570702,56.4669227600098,68.3400421142578,31.420524597168,80.2646484375,16.7794933319092,13.0064735412598,26.1181678771973,6.4372296333313
0,16.75,45.25,4.80601263046265,0.198484063148499,0.0707189068198204,2.91650223731995,2.91743111610413,1.37466657161713,3.09890127182007,1.24638281714601e-38,0,0.728974521160126,0,77.4372253417969,81.956169128418,66.2813339233398,89.8398666381836,11.4678993225098,10.5951681137085,20.6186866760254,0.857120752334595
0,18.25,49.25,5.29347848892212,0.140724539756775,0.0725062116980553,2.2946720123291,2.95141673088074,3.02954125404358,2.43127751350403,0,0,0.772736966609955,0,83.0198135375977,83.6509017944336,77.6228790283203,94.5962753295898,8.06670570373535,7.7963399887085,17.0753116607666,-2.58089804649353
0,16.25,39.75,5.29779577255249,0.281061291694641,0.101436950266361,2.30254817008972,1.86818671226501,0.834454298019409,2.90599417686462,0,0,0,0.607304811477661,70.4497528076172,73.6832962036133,55.4334526062012,77.5910110473633,17.2623538970947,13.6229286193848,24.0979442596436,8.57879066467285
0,-8.75,39.25,5.47191619873047,0.368323445320129,0.275847315788269,2.31045174598694,1.84955656528473,0.229678422212601,2.5651319026947,0,0.222448796033859,0,0.112580120563507,68.2813262939453,72.1968078613281,63.1410751342773,77.2182312011719,18.0301151275635,15.1765384674072,21.829044342041,11.256799697876
0,-2.25,41.25,4.03511047363281,0.368207216262817,0.280285537242889,1.79508769512177,2.43903279304504,0.679025530815125,1.77129316329956,0,0.167443826794624,0,0.183974698185921,65.7878952026367,72.2987442016602,49.6784706115723,82.1640167236328,12.3897342681885,9.58478164672852,20.4761486053467,3.15819692611694
0,-4.25,40.25,5.35388422012329,0.438266932964325,0.272900342941284,1.91245329380035,2.21637916564941,0.297278463840485,2.04286742210388,0,0.166320309042931,0,0.117478981614113,60.257984161377,69.441276550293,38.4273643493652,80.1018371582031,14.6390724182129,11.6208639144897,23.4434452056885,5.06608486175537
0,-6.25,37.75,4.79061269760132,0.274339914321899,0.251713901758194,1.55601406097412,1.46524035930634,0.0825740844011307,1.97539961338043,0,0.286908328533173,0,0.185407698154449,57.7640075683594,65.9759140014648,36.2206916809082,78.3530731201172,19.0065441131592,15.5631551742554,27.217960357666,9.3891134262085
0,-4.25,41.25,4.47285652160645,0.417516738176346,0.212718784809113,2.43034219741821,2.65819406509399,0.557659268379211,2.28899621963501,0,0.203576639294624,0,0.165422096848488,65.2617111206055,76.9207382202148,48.1490287780762,84.0487747192383,12.9989767074585,9.72283363342285,21.0018653869629,3.78045034408569
0,5.75,43.75,5.0907826423645,0.156344294548035,0.127253100275993,1.81689512729645,1.95711207389832,0.633433818817139,1.84812951087952,0,0,0.711875259876251,0,67.0326766967773,69.3228988647461,51.3919525146484,76.4941024780273,13.2275428771973,11.4791603088379,21.2837257385254,4.63343715667725
0,-2.75,40.25,4.54583501815796,0.496924817562103,0.27057757973671,1.00752389431,1.3339536190033,0.139221534132957,1.20924520492554,0,0.0630887374281883,0,0.1654402166605,58.8644905090332,64.074577331543,37.0137557983398,77.8530197143555,14.5789222717285,11.7667074203491,23.7525978088379,4.69424867630005
0,-6.25,42.75,4.54316806793213,0.0915095508098602,0.0698768049478531,3.40642023086548,3.97624540328979,1.50383579730988,3.96781992912292,0.00371066736988723,0,0.833201766014099,0,79.4607162475586,82.8806762695312,71.6103057861328,89.6549072265625,11.0462684631348,8.65063858032227,16.8142032623291,3.71738076210022
0,21.75,37.25,4.83175373077393,0.0725872591137886,0.366622745990753,2.56674838066101,1.37856030464172,0.334709197282791,3.78428649902344,0,0.199480518698692,0,0.100907862186432,69.276611328125,72.7056274414062,64.0530242919922,73.7074127197266,19.0295848846436,14.6118507385254,24.1825199127197,10.7839088439941
0,-2.25,37.75,4.67526960372925,0.345860958099365,0.0774600580334663,1.69861662387848,1.48472845554352,0.190203249454498,1.88243269920349,0,0.435819715261459,0,0.140462249517441,62.9713363647461,61.3486976623535,43.5293235778809,73.4404144287109,16.550968170166,13.6467323303223,24.4556102752686,7.38233852386475
0,19.75,43.75,5.14957189559937,0.205634251236916,0.146503821015358,3.35261940956116,4.2944769859314,2.39440822601318,3.5614230632782,0.017375510185957,0,0.620330572128296,0,78.8572616577148,81.1310577392578,67.4005355834961,92.8808441162109,9.9181661605835,8.79469203948975,18.4439640045166,-0.570471167564392
0,-2.75,39.75,4.60435342788696,0.615489304065704,0.284761935472488,1.14835107326508,1.3325080871582,0.12232469022274,1.25761270523071,0,0.0002657582226675,0,0.0974164009094238,57.5669555664062,62.5014686584473,34.4164772033691,76.4659271240234,15.7547750473022,12.6961307525635,25.1188297271729,5.65289735794067
0,-1.25,43.75,5.15501260757446,0.151862800121307,0.0472353734076023,2.7485613822937,2.59642267227173,1.36880040168762,3.03953218460083,0,0,0.651343762874603,0,71.8803100585938,75.6769332885742,71.301872253418,77.447151184082,16.1982975006104,13.217248916626,20.3803653717041,9.06256484985352
0,-4.75,37.25,5.26700353622437,0.587296664714813,0.25862118601799,1.26699221134186,1.24053776264191,0.0514265075325966,1.88550806045532,0,0.00721283396705985,0,0.142206385731697,57.4926414489746,64.6186370849609,36.719539642334,76.2975616455078,18.9910717010498,15.2365560531616,27.1672401428223,9.15456581115723
0,-3.75,40.25,6.62335538864136,0.341696232557297,0.0991858765482903,1.28761732578278,1.51647520065308,0.152527466416359,1.47264719009399,0,0.210583060979843,0,0.089196115732193,57.8285179138184,65.7790908813477,36.1266593933105,77.6057586669922,15.2333316802979,12.2009725570679,24.2940502166748,5.39727163314819
0,-9.25,39.25,5.38211584091187,0.253621429204941,0.20501446723938,2.46587681770325,1.78020465373993,0.235991939902306,2.67445874214172,5.86237001698464e-06,0,0.221170365810394,0,70.8922958374023,72.9029769897461,70.1726303100586,75.1306838989258,18.3760414123535,15.4933309555054,20.8626441955566,12.5606632232666
0,9.75,46.25,5.02121019363403,0.016819953918457,0.274596810340881,3.55798363685608,4.93834114074707,5.37030553817749,2.69891428947449,0,0,0.655131995677948,0,83.54736328125,86.7727203369141,79.4847412109375,89.686767578125,5.4396505355835,4.33234071731567,13.322340965271,-3.14568686485291
0,-0.75,40.75,4.06043386459351,0.251111388206482,0.234951809048653,2.96769952774048,3.26028895378113,1.29650235176086,2.06147789955139,0,0.33743941783905,0,0.176062926650047,68.8554763793945,70.1444091796875,52.7053489685059,78.7238159179688,13.4079627990723,10.8119649887085,21.5620975494385,4.41484975814819
0,8.75,46.25,5.26545524597168,0.044721458107233,0.154712170362473,3.45475602149963,4.16098976135254,4.27155351638794,2.95702934265137,0,0,0.754985451698303,0,81.7443923950195,84.2071533203125,76.4524841308594,89.6533355712891,6.03998231887817,5.05699062347412,14.0499105453491,-2.7109842300415
0,4.75,44.25,5.50155162811279,0.276963889598846,0.141530394554138,2.0789783000946,1.91456174850464,0.731242716312408,2.20623016357422,0,0,0.565232336521149,0,71.0228729248047,73.0551223754883,55.425651550293,80.633544921875,13.0045204162598,11.3728580474854,21.0885562896729,4.4340558052063
0,9.75,45.75,5.99306392669678,0.199625700712204,0.0769748166203499,2.25321793556213,3.23846673965454,2.87619805335999,1.71760678291321,0,0,0.645602822303772,0,76.3674774169922,79.7394638061523,71.301399230957,82.2310028076172,8.68368911743164,7.93726015090942,16.9912052154541,0.284773766994476
0,-5.75,37.25,6.0346474647522,0.634600102901459,0.240355536341667,1.38793647289276,1.32930588722229,0.0386454723775387,1.97997629642487,0,0.00113398488610983,0,0.0534702017903328,57.7846527099609,65.5071487426758,37.3131980895996,77.6947326660156,19.6761913299561,15.8444356918335,27.6220645904541,9.84292984008789
0,10.75,45.25,5.7558650970459,0.557650208473206,0.098453477025032,1.87043559551239,2.0403687953949,0.961768627166748,1.52145445346832,0,0,0.262965649366379,0,70.0953674316406,74.6548156738281,59.7713317871094,79.6360015869141,13.5296773910522,12.6001930236816,22.6441783905029,4.29394960403442
0,-1.25,37.75,5.64710330963135,0.34688812494278,0.100369460880756,1.07523989677429,0.800967872142792,0.0922049283981323,1.16991603374481,0,0.274993240833282,0,0.157883271574974,65.9591598510742,63.4757308959961,55.3852996826172,70.151985168457,19.1756019592285,15.8416080474854,25.1449222564697,10.863356590271
0,-7.25,37.75,4.54252052307129,0.191568493843079,0.314109325408936,1.65230083465576,1.44502103328705,0.0850936248898506,1.99944770336151,0,0.31984868645668,0,0.174034401774406,59.8051643371582,67.2936859130859,40.3473281860352,79.1817398071289,18.8553714752197,15.5728702545166,26.2593517303467,9.76172256469727
0,-4.25,37.75,5.05770111083984,0.623924612998962,0.189586743712425,1.09607362747192,1.14074635505676,0.0699315667152405,1.50717449188232,0,0.0221611894667149,0,0.159142881631851,53.6648559570312,61.1775436401367,30.893726348877,74.5020065307617,18.1235179901123,14.6289205551147,27.1598243713379,7.836501121521
0,-2.25,40.25,4.52734470367432,0.386567354202271,0.213290184736252,1.67759847640991,2.18612861633301,0.58704537153244,1.63591277599335,0,0.252090632915497,0,0.146109476685524,64.1005096435547,68.0837860107422,43.1126594543457,80.9084701538086,12.8371725082397,10.1898536682129,21.6971778869629,3.31007289886475
0,14.75,47.25,4.9210147857666,0.0753194242715836,0.112473785877228,3.41512608528137,4.43697881698608,5.38534545898438,2.57943558692932,0,0,0.806459665298462,0,88.9057388305664,88.4153137207031,81.9194641113281,97.332633972168,5.88037538528442,5.53783559799194,14.4316749572754,-3.34449863433838
0,21.25,46.75,5.29813957214355,0.611645698547363,0.113579735159874,1.75734484195709,2.37354946136475,1.36296427249908,1.96040976047516,0,0.0281284768134356,0,0.234328776597977,66.9329452514648,76.0078048706055,56.9402961730957,87.6896591186523,12.6613101959229,11.526309967041,22.4687747955322,0.390730798244476
0,-8.75,40.25,5.3471040725708,0.138783514499664,0.11542422324419,2.94704389572144,2.23507261276245,0.324744343757629,3.19254946708679,1.23790878205909e-05,0,0.447774052619934,0,71.2033233642578,74.9002685546875,64.3127899169922,80.2944030761719,17.0563907623291,14.2818546295166,21.2335033416748,10.3878927230835
0,-1.25,40.25,4.59619569778442,0.23400841653347,0.197583496570587,3.14140582084656,3.5865159034729,1.46220707893372,2.35146832466125,0,0.401038408279419,0,0.164833381772041,71.3780364990234,73.640251159668,53.5530776977539,83.1002578735352,11.5377340316772,8.98205947875977,19.7083778381348,2.61255288124084
0,4.75,43.75,5.68177843093872,0.229035332798958,0.134378165006638,1.55087172985077,1.26532244682312,0.288170218467712,1.70215284824371,0,0,0,0.580193400382996,66.5135345458984,68.5914077758789,50.0154266357422,75.6264724731445,14.9881734848022,13.0886878967285,23.1431217193604,6.42047548294067
0,-4.25,39.75,5.04733562469482,0.565148830413818,0.269823968410492,1.42298889160156,1.63370406627655,0.110840395092964,1.68063068389893,0,0.0642904713749886,0,0.0941614881157875,57.2477798461914,66.1855087280273,32.8839340209961,78.8881607055664,16.0808353424072,12.8582706451416,25.4781227111816,6.02712392807007
0,-3.25,40.75,5.39025020599365,0.387814819812775,0.243385404348373,1.66931438446045,2.04362988471985,0.33804115653038,1.84960305690765,0,0.159322425723076,0,0.196642190217972,62.4574661254883,70.9520034790039,43.0740814208984,81.3343963623047,13.5174703598022,10.5352516174316,22.0859508514404,3.99659633636475
0,13.25,45.75,5.2704119682312,0.356355220079422,0.0412220694124699,2.36206412315369,2.23623776435852,1.49047231674194,1.92101120948792,0,0,0.153487205505371,0,73.6827545166016,75.2041015625,65.7175903320312,79.5870132446289,12.6456747055054,11.5466651916504,21.1771068572998,3.72231435775757
0,-0.75,39.25,5.43837833404541,0.244882091879845,0.211308211088181,1.5961982011795,1.41095638275146,0.346145689487457,1.30317795276642,0,0.37541526556015,0,0.159184798598289,67.3076934814453,65.3368988037109,57.3698120117188,71.374153137207,17.1960277557373,14.1790914535522,23.7201480865479,8.76662635803223
0,-3.75,38.75,5.03787136077881,0.492753714323044,0.336714714765549,1.51367676258087,1.7257171869278,0.127034604549408,2.03011727333069,0,0.0388614870607853,0,0.124806813895702,56.4940452575684,66.1318893432617,31.5562782287598,79.0153732299805,16.5086402893066,12.9223880767822,25.8937511444092,6.19926357269287
0,-7.75,39.25,4.53243017196655,0.312196999788284,0.316092491149902,2.00898456573486,1.89286160469055,0.19248266518116,2.3495831489563,0,0.251289963722229,0,0.119647718966007,62.3152694702148,71.8392791748047,47.8373985290527,81.1678848266602,17.5816993713379,14.3164615631104,24.1277408599854,8.74426651000977
0,-6.25,36.75,5.82956504821777,0.3277787566185,0.141957670450211,1.55069279670715,1.21699857711792,0.0302477423101664,2.07654666900635,0,0.170394465327263,0,0.0827709436416626,60.2390289306641,62.1550178527832,42.3941040039062,74.6940536499023,20.4915409088135,17.4053897857666,27.4022159576416,11.8143863677979
0,-4.75,41.75,5.63252019882202,0.653216660022736,0.21158854663372,0.978433132171631,1.36958241462708,0.229545921087265,1.17398405075073,0,0.0270022451877594,0,0.0781282112002373,61.5971908569336,71.6111297607422,48.031005859375,79.5959091186523,14.2176456451416,10.9520711898804,21.8350162506104,5.11063051223755
0,13.25,46.75,4.81601619720459,0.070255808532238,0.203794807195663,3.28891921043396,4.73502540588379,5.54117393493652,2.53744339942932,0,0,0.723239719867706,0,87.4954223632812,88.0349349975586,80.9507217407227,96.8688354492188,5.30394887924194,4.72497987747192,13.6877584457397,-3.87735605239868
0,13.75,41.25,5.40912103652954,0.250704079866409,0.101748540997505,1.9077513217926,1.83158445358276,0.740081310272217,2.19495391845703,0,2.47964981880955e-10,0,0.290803730487823,69.1551895141602,74.0845184326172,53.4930648803711,77.526725769043,16.9078712463379,13.4209327697754,24.3240184783936,8.0301456451416
0,-7.25,38.25,4.59425210952759,0.345820665359497,0.282281816005707,2.00939440727234,1.91227281093597,0.172164037823677,2.26129388809204,0,0.228902831673622,0,0.141067266464233,60.3092842102051,71.5641632080078,40.7470550537109,82.3056106567383,17.8881568908691,14.2795553207397,25.4839115142822,8.39881801605225
0,14.75,41.75,5.26750373840332,0.554840803146362,0.164971515536308,2.60840654373169,2.61493182182312,1.44898426532745,2.72004890441895,0,2.35040846702046e-21,0,0.263694643974304,72.3679580688477,77.7955780029297,54.1708755493164,83.8443603515625,15.0123128890991,11.7756490707397,22.9928112030029,5.79148769378662
0,-4.75,39.75,4.93167161941528,0.430901497602463,0.24165053665638,1.55645656585693,1.62049531936646,0.107004269957542,1.86267721652985,0,0.233026877045631,0,0.0896108224987984,58.1748466491699,67.5289535522461,33.7236671447754,79.7997360229492,16.0181217193604,12.8404579162598,25.2831058502197,6.15850210189819
0,12.75,37.75,5.40655755996704,0.265532910823822,0.304550170898438,1.64080619812012,1.09573042392731,0.104171916842461,2.54462122917175,0,4.02336965352472e-15,0,0.237777009606361,69.3714065551758,73.8238983154297,62.7587928771973,73.0165252685547,20.988956451416,15.9103736877441,25.4361820220947,12.7846517562866
0,-5.25,38.25,4.64462375640869,0.398318141698837,0.27024906873703,2.13706111907959,2.12322020530701,0.166758209466934,2.65634036064148,0,0.187208071351051,0,0.143187403678894,57.5613479614258,70.6439056396484,33.5259475708008,81.5478591918945,17.5285778045654,13.626540184021,26.4036903381348,7.40066957473755
0,19.25,46.25,4.91184425354004,0.565792858600616,0.107320867478848,1.94752728939056,2.54039812088013,1.72432219982147,2.20968079566956,0,0.00470506912097335,0,0.319297939538956,67.8782272338867,73.9445724487305,58.678638458252,86.9479598999023,12.7874393463135,11.9798727035522,22.3072242736816,0.898787438869476
0,-0.25,41.25,4.70273065567017,0.448320299386978,0.0708320215344429,1.76866841316223,1.91305959224701,0.538163840770721,1.31675088405609,0,0.17382575571537,0,0.305210590362549,63.2565765380859,63.2698860168457,46.7444038391113,73.1374588012695,15.6354713439941,13.1587562561035,24.2436561584473,6.29476308822632
0,16.75,40.25,5.00901412963867,0.342213988304138,0.144257068634033,1.80576777458191,1.72486114501953,0.846737563610077,2.17211890220642,0,6.43326817395561e-15,0,0.203509882092476,66.8508682250977,69.4321975708008,45.6528587341309,78.9579849243164,17.7035961151123,14.3695821762085,25.9669933319092,8.14241981506348
0,13.75,43.25,5.48542928695679,0.357501626014709,0.046995285898447,3.98677492141724,2.94823741912842,1.55229985713959,3.83103513717651,0,1.99693473562634e-11,0,0.0975948870182037,71.6858749389648,75.7413177490234,65.2893753051758,74.0843811035156,16.7502994537354,13.4378089904785,23.207462310791,8.77148818969727
0,-1.75,37.75,5.06937170028687,0.318526059389114,0.109132349491119,1.35710716247559,1.12505054473877,0.138032719492912,1.5023068189621,0,0.42251980304718,0,0.144436702132225,64.3304595947266,61.9541931152344,49.0096588134766,71.6996002197266,17.8515663146973,14.7824239730835,24.8563575744629,9.08179092407227
0,1.75,41.25,5.87356185913086,0.119372978806496,0.0955337211489677,1.03475379943848,0.998193740844727,0.32850107550621,0.817936360836029,0,0.225573927164078,0,0.0632957443594933,66.8059310913086,70.3788681030273,65.3889770507812,68.1178970336914,18.7337589263916,14.8071632385254,23.9261913299561,10.6617069244385
0,10.75,46.25,4.67558479309082,0.012935820966959,0.126219615340233,4.1858983039856,6.21509075164795,7.50838327407837,3.09213948249817,0,0,0.827009975910187,0,85.175422668457,88.2923736572266,82.3223190307617,91.7033767700195,5.25220155715942,4.1860089302063,13.0468482971191,-3.57772421836853
0,11.75,44.75,5.53204727172852,0.690426647663116,0.106328777968884,3.27223300933838,3.02874732017517,1.29523241519928,2.93629574775696,0,0,0,0.176590263843536,72.2438354492188,77.4905090332031,60.6142578125,82.4764175415039,15.0320472717285,13.0441226959229,23.4624366760254,5.74308681488037
0,-6.75,39.75,4.47016525268555,0.121139451861382,0.384553253650665,1.83324992656708,1.65537619590759,0.118342585861683,2.2272036075592,0,0.270241677761078,0,0.221020504832268,59.8059196472168,69.4963150024414,39.635082244873,81.2207565307617,17.1382083892822,13.899733543396,25.2819957733154,7.65249013900757
0,-0.75,38.25,5.83234024047852,0.846397697925568,8.82081679833696e-14,1.38627827167511,0.927740097045898,0.126923218369484,1.27540123462677,0,8.79745359677261e-16,0,7.52258699776576e-08,66.4822616577148,62.8259582519531,57.0368614196777,69.8194580078125,19.1305980682373,15.9620094299316,25.1771984100342,10.7451009750366
0,17.75,47.75,5.44793319702148,0.560154616832733,0.136983171105385,1.60732591152191,1.94423389434814,1.50746619701385,1.71433913707733,0,0.00434735510498285,0,0.28078630566597,73.362174987793,77.3584671020508,63.1350784301758,89.4941635131836,10.9766273498535,10.6478309631348,20.863468170166,-0.290218085050583
0,16.25,39.25,5.58582210540771,0.149007976055145,0.0648561492562294,3.07880115509033,2.3176600933075,1.14426791667938,3.66027355194092,0,6.32059515837113e-10,0,0.654392838478088,72.4852828979492,75.2543182373047,57.4331588745117,78.9785385131836,17.1248207092285,13.3623905181885,23.7309913635254,8.5636739730835
0,-0.75,42.25,4.26613140106201,0.353576809167862,0.181634649634361,1.76095628738403,2.33313941955566,0.836097419261932,2.0747241973877,0.000521232199389488,0,0.46101638674736,0,69.6632232666016,71.9622573852539,56.2285804748535,82.0362777709961,13.0772438049316,10.6857032775879,20.9090824127197,4.14160585403442
0,-1.25,41.25,4.58710098266602,0.379276245832443,0.229659795761108,1.77698767185211,2.29607725143433,0.713983058929443,1.48195338249207,0,0.225983753800392,0,0.164387851953506,64.3529968261719,68.1951065063477,47.6457557678223,78.4045715332031,13.5468997955322,10.8608951568604,21.9297313690186,4.23539638519287
0,12.75,45.75,5.6628212928772,0.587343156337738,0.0513130314648151,1.90437376499176,2.16085577011108,1.5340564250946,1.66570591926575,0,0,0.203303009271622,0,70.3869400024414,72.1804046630859,65.1093826293945,75.5198822021484,13.2660970687866,12.2548055648804,21.4183788299561,4.4778790473938
0,-6.75,37.75,4.75852680206299,0.106363579630852,0.208791434764862,1.61406850814819,1.45632231235504,0.0829413756728172,1.98904728889465,0,0.538729667663574,0,0.144035935401917,58.754711151123,66.5304565429688,38.0260391235352,78.845344543457,18.9099979400635,15.5709781646729,26.7737159729004,9.53499794006348
0,-8.25,37.75,4.66332197189331,0.383946448564529,0.306163340806961,1.75882399082184,1.4269061088562,0.104922600090504,2.09121513366699,0,0.191897988319397,0,0.110195353627205,65.6624145507812,71.3237762451172,54.7083396911621,77.6985092163086,18.8435916900635,15.641077041626,23.4385929107666,11.591516494751
0,15.75,45.75,5.84490871429443,0.180303692817688,0.07663244754076,3.00733804702759,2.94794058799744,1.83633840084076,2.83516716957092,0.00429126108065248,0,0.694270372390747,0,80.8197174072266,83.5044860839844,71.3913497924805,91.0557022094727,10.2796773910522,9.78973770141602,19.386905670166,-0.026068115606904
0,20.25,42.75,5.37434053421021,0.127018257975578,0.300241023302078,2.95860290527344,3.57611060142517,2.02335095405579,3.31002497673035,6.50521303491303e-19,0,0.557451605796814,0,77.8172302246094,79.6378402709961,63.571475982666,92.9567947387695,9.53365516662598,8.22467422485352,18.2320384979248,-0.914363622665405
0,9.25,40.75,4.88648843765259,0.173758938908577,0.169686019420624,1.73731756210327,1.57804954051971,0.37774184346199,2.00690174102783,0,7.91421793195707e-16,0,0.648933708667755,68.8371505737305,69.2755737304688,52.7180976867676,76.3989181518555,17.7009315490723,14.0662784576416,24.3759498596191,9.16948890686035
0,16.75,40.75,5.54809284210205,0.463487595319748,0.267237335443497,2.09916496276855,1.82691705226898,0.732304036617279,2.33129334449768,0,4.56529000411235e-16,0,0.25749596953392,66.6210327148438,70.4193801879883,46.0501899719238,78.8935012817383,17.8419628143311,14.3849020004272,26.1623363494873,8.2377462387085
0,-0.75,49.25,5.06160402297974,0.289353460073471,0.234210729598999,3.54801511764526,2.42340779304504,2.12706995010376,3.54147052764893,0,0,0.203505381941795,0,77.8476791381836,83.4318161010742,82.5327529907227,80.7824859619141,13.9607181549072,10.0942630767822,16.4213390350342,7.50456142425537
0,-2.25,37.25,4.83817768096924,0.147894009947777,0.0493454448878765,1.56292700767517,1.19697570800781,0.139329671859741,1.7403472661972,0,0.684679806232452,0,0.116389721632004,66.7125701904297,65.580924987793,54.1830215454102,72.2539367675781,17.9399662017822,14.6045064926147,24.1213111877441,9.7782735824585
0,-3.25,40.25,5.73671293258667,0.396124213933945,0.188650816679001,1.04386496543884,1.2864955663681,0.112984269857407,1.24764430522919,0,0.222182229161263,0,0.161069124937057,57.5780410766602,64.3298187255859,35.8586235046387,77.0802993774414,15.1630191802979,12.1994466781616,24.3231029510498,5.24708461761475
0,15.75,46.75,5.47559452056885,0.254776149988174,0.224676728248596,1.99415326118469,2.42586922645569,2.29375958442688,1.75523543357849,4.2353618926568e-29,0,0.495604038238525,0,79.2926788330078,80.353141784668,71.8921203613281,89.412841796875,9.57133388519287,9.39368057250977,18.6196117401123,-0.448970526456833
0,-0.75,39.75,5.35287094116211,0.263322502374649,0.149625360965729,1.53407907485962,1.56745088100433,0.430952429771423,1.19173848628998,0,0.447370111942291,0,0.126246899366379,67.3595581054688,66.1161346435547,57.4283409118652,71.5146789550781,16.3276805877686,13.4426612854004,22.9931678771973,7.97680044174194
0,13.75,37.75,5.23172998428345,0.552482843399048,0.218530416488647,2.13000655174255,1.66182076931,0.359488368034363,2.93403744697571,0,4.43068958665095e-15,0,0.213817670941353,69.3500366210938,75.3475799560547,54.0732154846191,79.50390625,19.1988563537598,14.1889991760254,25.3521156311035,10.0521583557129
0,8.75,40.75,5.31249856948853,0.355286926031113,0.21870319545269,1.79801976680756,1.47320032119751,0.316472500562668,2.06326603889465,0,0,0,0.265075266361237,69.6567611694336,72.1435241699219,58.4275360107422,75.8753814697266,18.1654605865479,14.0730123519897,23.8885231018066,9.87060928344727
0,-3.25,37.25,4.74060392379761,0.285071939229965,0.0847801566123962,2.31910181045532,1.93591928482056,0.255715578794479,2.59041881561279,0,0.488826721906662,0,0.140127494931221,62.6051368713379,64.8714828491211,40.8553352355957,76.9166793823242,15.9589881896973,12.7797994613647,24.0395240783691,6.77468252182007
0,0.25,41.75,4.85579442977905,0.468419790267944,0.251771092414856,0.549393892288208,0.765477061271667,0.166900917887688,0.574908196926117,0,0.026348976418376,0,0.248930260539055,59.9630813598633,60.1284103393555,44.1442527770996,69.7214279174805,15.8843936920166,13.4759464263916,24.6461429595947,6.51195669174194
0,7.75,45.25,6.23409700393677,0.298567473888397,0.101879388093948,2.88297915458679,3.11561608314514,2.53352665901184,2.19218564033508,0,0,0.459880232810974,0,69.6074371337891,71.8369064331055,59.9904136657715,78.9330368041992,9.42930507659912,8.4785099029541,18.2834205627441,0.586623132228851
0,9.25,45.25,6.2989296913147,0.583577990531921,0.0561263673007488,1.18711316585541,0.952223002910614,0.285695970058441,0.830984354019165,0,0,0.249579578638077,0,62.5706329345703,66.7846527099609,51.0986747741699,72.6691589355469,14.5937232971191,13.7191915512085,24.302188873291,5.34471035003662
0,-5.25,38.75,4.61564970016479,0.367829263210297,0.359209030866623,2.13746070861816,2.03628516197205,0.149341329932213,2.40840530395508,0,0.073094867169857,0,0.179240077733994,57.1014785766602,68.9598770141602,32.6924896240234,81.2462463378906,17.326847076416,13.6300802230835,26.3664283752441,7.09639883041382
0,21.25,39.25,4.37474060058594,0.116505190730095,0.248023986816406,2.34966397285461,2.13569068908691,0.930896997451782,3.27760457992554,1.13644224708341e-19,0,0.613802671432495,0,71.4743270874023,74.5772094726562,54.8470306396484,82.2401885986328,15.1260623931885,12.0678958892822,22.8993167877197,5.52628993988037
0,-3.75,38.25,5.17280197143555,0.32813361287117,0.25957378745079,0.942914605140686,1.09102785587311,0.0575640089809895,1.52645838260651,0,0.25526624917984,0,0.14682824909687,54.5285568237305,63.1075210571289,30.2037029266357,76.837287902832,17.0706424713135,13.5724325180054,26.4608592987061,6.6384015083313
0,17.75,43.25,5.40843296051025,0.273049592971802,0.455371737480164,2.84510135650635,2.30558776855469,0.794076800346375,3.6079249382019,8.94888362381607e-05,0,0.259874731302261,0,72.262809753418,74.9288711547852,63.2973365783691,78.0610046386719,14.1451969146729,11.6334676742554,21.5569190979004,5.272292137146
0,20.75,44.75,5.69146394729614,0.624981462955475,0.152916833758354,2.00512504577637,2.52496671676636,1.29844772815704,2.42967486381531,0,0.000418468902353197,0,0.175029799342155,69.3270645141602,76.7903671264648,58.3837356567383,88.3239059448242,12.7462606430054,11.690616607666,22.2420082092285,1.14880776405334
0,6.75,43.75,5.40522909164429,0.0427854880690575,0.0759736970067024,3.08284568786621,3.26077675819397,1.61326134204865,3.10680317878723,0,0,0.858465313911438,0,72.8857727050781,74.7458877563477,59.5115089416504,81.9014587402344,10.7026100158691,9.02121353149414,18.4957714080811,2.33977651596069
0,19.75,42.25,5.14978647232056,0.135008588433266,0.0924898162484169,3.03558087348938,3.23962903022766,1.58937096595764,3.5587694644928,0.203549280762672,0,0.556422531604767,0,76.1869735717773,79.3188095092773,61.1437606811523,88.9167251586914,10.6493873596191,8.90291786193848,19.2190799713135,0.749475121498108
0,-3.25,39.25,5.03858137130737,0.653126835823059,0.245270043611526,1.40553605556488,1.6015921831131,0.130281195044518,1.73348069190979,0,0.0142163634300232,0,0.0807261541485786,57.2873992919922,64.3289947509766,32.9288558959961,77.9960556030273,16.0911502838135,12.8107442855835,25.5020999908447,5.90893983840942
0,0.75,41.25,4.83083915710449,0.302566587924957,0.206501752138138,1.01539349555969,1.0673736333847,0.253847002983093,0.865263760089874,0,0.292594879865646,0,0.187986582517624,63.5161972045898,62.4135894775391,51.2968444824219,69.7117004394531,17.2923316955566,14.676100730896,25.0938053131104,8.210036277771
0,1.25,43.75,5.89178419113159,0.514281749725342,0.169087097048759,1.3565422296524,1.78077709674835,0.532037436962128,1.8650221824646,0,0,0,0.272732824087143,68.7997817993164,77.7264938354492,59.8861312866211,82.3624038696289,14.8389730453491,12.1528873443604,21.7456493377686,5.96334218978882
0,16.25,38.75,5.46692276000977,0.182330414652824,0.120952129364014,3.30561470985413,2.38791036605835,1.15309906005859,3.90238332748413,0,0,0,0.469965010881424,73.1961441040039,75.8595962524414,58.2113456726074,79.1582183837891,17.3805274963379,13.4468021392822,23.8319339752197,8.899489402771
0,-5.75,39.25,4.854576587677,0.225832998752594,0.344887346029282,1.7805107831955,1.57254815101624,0.0870771557092667,1.95713663101196,0,0.208576127886772,0,0.216583758592606,56.7287673950195,66.8479537963867,33.511661529541,80.0028839111328,17.4413890838623,14.0118656158447,26.3484230041504,7.36217641830444
0,14.75,40.75,6.16342687606812,0.129213780164719,0.0309544000774622,1.8389585018158,1.72962486743927,0.65577757358551,2.18701338768005,0,0,0,0.483701318502426,70.3041305541992,75.8311309814453,55.9804496765137,77.9569778442383,16.9140872955322,13.1526432037354,23.9931583404541,8.02814102172852
0,18.75,46.25,5.23804807662964,0.560382962226868,0.079525038599968,1.94950318336487,2.57339382171631,1.81727921962738,2.17678236961365,0,2.34584399549931e-06,0,0.35086452960968,68.9112243652344,74.8171463012695,60.6137161254883,87.1524276733398,12.6264381408691,11.8266334533691,21.9670238494873,0.893192529678345
0,18.25,48.75,5.42445802688599,0.278122365474701,0.0794616639614105,1.93300521373749,2.56601762771606,2.26587581634521,2.24524426460266,0,0,0.613676071166992,0,80.5424575805664,82.0665740966797,72.3236083984375,94.0770263671875,8.68418788909912,8.54994106292725,18.2286014556885,-2.12618613243103
0,-1.75,48.25,5.62192630767822,0.595851898193359,0.249566927552223,2.33732843399048,2.55084204673767,1.82860064506531,3.03647541999817,0,0,0,0.130218222737312,78.8446884155273,84.6568908691406,79.0334548950195,86.2775573730469,12.9111471176147,10.2425785064697,17.0667762756348,6.10902309417725
0,2.75,42.75,5.47103071212769,0.15129466354847,0.0891925841569901,2.40746521949768,2.4819507598877,0.747740209102631,2.00182437896729,0,0,0,0.736991465091705,73.3224792480469,74.3418045043945,63.3320503234863,76.9415664672852,14.3898658752441,11.851016998291,20.841739654541,6.61280727386475
0,8.25,45.25,5.38714456558228,0.611863791942596,0.0889628082513809,1.57347881793976,1.43098139762878,0.764897882938385,1.22517156600952,0,0,0.287038922309875,0,63.7826232910156,66.2538528442383,53.5739898681641,72.3427200317383,12.8763160705566,12.0937032699585,22.1572093963623,3.97525429725647
0,-3.25,39.75,4.87658309936523,0.670399367809296,0.18364505469799,1.20184183120728,1.36944401264191,0.0996401309967041,1.35805428028107,0,0.0392338484525681,0,0.102534361183643,56.8050422668457,62.8838233947754,33.2013702392578,76.8931884765625,16.0427074432373,12.9642276763916,25.4556617736816,5.8992657661438
0,0.25,43.75,4.75898551940918,0.661657094955444,0.264104872941971,1.82021415233612,2.28271055221558,0.888501346111298,2.23463535308838,0,0,0,0.0717198476195335,70.2778167724609,78.6840744018555,65.3163757324219,82.5959243774414,14.7630348205566,12.3235311508179,20.9883670806885,6.33870840072632
0,-7.25,39.25,4.84708118438721,0.267066359519958,0.334005683660507,1.86846506595612,1.71864330768585,0.143964424729347,2.15396189689636,0,0.242658361792564,0,0.150638431310654,59.8838729858398,70.5655822753906,42.1011962890625,81.1967620849609,17.6956520080566,14.239444732666,25.1504859924316,8.275954246521
0,13.75,46.75,5.15136337280273,0.083316296339035,0.114014752209187,2.95023083686829,4.15506649017334,4.7010760307312,2.2912802696228,0,0,0.783997893333435,0,86.539665222168,86.5757675170898,79.2463226318359,95.9286270141602,5.85035610198975,5.35169887542725,14.343469619751,-3.27851963043213
0,-2.75,39.25,4.80918502807617,0.619405150413513,0.280472785234451,1.36971485614777,1.56024050712585,0.164181217551231,1.60521996021271,0,6.83499383740127e-05,0,0.0962916761636734,58.4496650695801,63.3673515319824,34.4208946228027,77.5117645263672,15.7388553619385,12.6140480041504,25.1492652893066,5.64236879348755
0,21.25,39.75,4.22435808181763,0.0864873975515366,0.0708499029278755,2.77697491645813,3.164381980896,1.81353080272675,3.67706799507141,0,0.778827309608459,0,0.0638013333082199,73.6018447875977,77.3917388916016,54.4128532409668,86.7036972045898,13.2284183502197,10.5506839752197,21.5506229400635,3.29961538314819
0,19.75,46.75,5.22663402557373,0.546475768089294,0.111600637435913,2.04173541069031,2.3687527179718,1.47866034507751,2.17293667793274,0,1.81343796157307e-06,0,0.332334160804749,68.0916519165039,73.1079025268555,56.4834098815918,87.1947250366211,12.454797744751,11.8504981994629,22.4847354888916,0.51120400428772
0,16.25,44.25,4.39874458312988,0.116310507059097,0.196102440357208,3.88359665870667,3.63727951049805,1.96591138839722,4.10646295547485,0.00232203165069222,0,0.684504628181458,0,80.0346221923828,81.4845809936523,66.5594024658203,88.2095031738281,11.1580448150635,9.70538711547852,19.6846656799316,1.73253786563873
0,-1.25,39.75,4.58925676345825,0.259731709957123,0.161689013242722,1.49765634536743,1.73635065555573,0.386583805084229,1.26504480838776,0,0.446993976831436,0,0.131319791078568,65.4467315673828,64.3528747558594,48.5361442565918,74.6507415771484,14.7781820297241,12.2110433578491,22.9352054595947,5.772047996521
0,-6.75,41.25,4.38000822067261,0.214125916361809,0.196754589676857,2.22111511230469,2.32818675041199,0.375810623168945,2.47999858856201,0,0.468480110168457,0,0.119967073202133,66.3458251953125,75.4011840820312,51.02880859375,83.7448272705078,14.1693363189697,11.1913089752197,21.2330760955811,5.61383485794067
0,-6.25,39.25,5.10216951370239,0.212853640317917,0.291357785463333,1.71483016014099,1.43858909606934,0.0773452743887901,1.86442446708679,0,0.300048738718033,0,0.187451630830765,57.2296142578125,67.2834320068359,35.8012771606445,80.0174942016602,17.800500869751,14.4012393951416,26.2474098205566,7.93911123275757
0,19.75,41.75,5.28960943222046,0.204569011926651,0.0970528498291969,1.97891104221344,1.56969797611237,0.294048368930817,2.52161312103271,0.137940838932991,0,0.455249965190887,0,67.6487731933594,71.2400817871094,51.9647064208984,79.6310958862305,14.3370809555054,12.0203189849854,22.771936416626,4.28650331497192
0,18.75,43.25,4.33828830718994,0.0725474953651428,0.171675801277161,4.2651686668396,4.64151859283447,2.84143328666687,4.70261526107788,0.00263226893730462,0,0.753144443035126,0,82.3890609741211,83.7825088500977,69.420539855957,93.1003112792969,8.65935707092285,7.13173818588257,16.8998050689697,-1.04650473594666
0,-8.25,38.75,4.68167448043823,0.282609164714813,0.344192028045654,1.77184844017029,1.60239577293396,0.173517912626266,2.09978199005127,0,0.276024669408798,0,0.0944381356239319,64.1816635131836,70.5375366210938,54.3762817382812,78.6533203125,18.2773170471191,15.2522420883179,23.4675636291504,10.3437442779541
